Source_Type,Solar_Irradiance,Wind_Speed,Ambient_Temperature,Humidity,Cloud_Cover,Panel_Area,Blade_Length,Storage_Capacity,Maintenance_Schedule,Energy_Output_Class
Solar,6.22,6.02,36.38,27.27,93.16,124.76,56.5,4312.36,230.0,Low
Solar,5.59,21.93,31.06,77.73,73.69,198.22,60.42,1057.31,184.0,Moderate
Wind,4.94,9.88,1.24,43.18,69.4,60.41,37.5,9781.32,196.0,High
Solar,2.19,11.66,33.71,12.89,33.68,21.84,47.44,5168.17,9.0,Moderate
Wind,5.75,21.52,3.17,35.71,10.4,16.1,44.74,6331.84,93.0,Low
Solar,4.5,13.05,0.27,71.08,57.37,145.03,34.14,6740.89,113.0,Moderate
Solar,5.36,4.84,3.21,86.82,57.63,167.74,69.95,3687.88,360.0,Moderate
Solar,4.58,22.3,35.5,32.09,95.22,130.67,57.33,7500.53,108.0,Moderate
Solar,7.8,0.78,35.78,29.72,44.26,181.96,22.25,8715.64,327.0,High
Solar,5.62,22.38,6.45,55.09,69.08,142.62,69.2,3933.15,111.0,Low
Wind,6.5,1.26,25.27,74.93,57.5,80.48,26.36,6604.31,35.0,High
Wind,7.62,16.65,23.79,69.72,17.68,44.44,44.22,7595.53,90.0,Moderate
Solar,5.55,1.79,30.33,54.8,59.21,185.68,54.28,1982.25,100.0,High
Wind,2.07,17.66,4.83,60.51,54.01,29.68,20.46,3392.7,357.0,Low
Wind,2.21,0.85,15.51,29.37,49.39,113.17,59.17,1177.08,246.0,Low
Solar,6.21,21.06,23.38,44.61,51.34,69.66,59.58,6061.86,340.0,Moderate
Wind,3.67,11.65,-8.69,30.43,16.4,61.57,59.15,8029.28,305.0,Moderate
Wind,5.48,2.34,8.84,80.75,46.35,132.71,29.81,6147.3,211.0,High
Wind,3.21,17.67,24.79,19.0,60.57,53.94,35.34,1879.86,247.0,Low
Wind,3.62,12.23,2.63,64.38,48.94,184.11,34.84,5509.05,228.0,Low
Solar,5.03,4.77,37.89,30.82,48.87,87.15,77.6,8365.85,243.0,High
Wind,7.85,0.39,-8.49,48.05,7.75,138.7,24.05,3096.98,97.0,Low
Solar,5.7,10.45,37.9,33.95,19.08,148.27,45.73,8343.25,149.0,Moderate
Solar,7.62,2.14,0.84,35.86,32.1,139.76,72.28,7867.77,216.0,Moderate
Wind,7.76,2.35,-7.56,30.83,41.93,181.65,66.17,315.23,13.0,High
Solar,3.25,6.68,4.62,70.22,59.39,53.91,69.35,2470.6,176.0,High
Wind,3.87,15.76,29.31,39.26,86.33,26.35,78.34,5475.13,314.0,High
Solar,6.62,13.25,27.62,68.11,15.92,20.54,43.24,7204.41,180.0,Moderate
Wind,7.2,1.72,0.44,46.49,1.51,176.79,38.58,8817.25,202.0,High
Wind,5.12,24.21,-0.16,53.78,44.92,194.92,21.84,6446.32,74.0,Low
Solar,7.96,22.18,22.13,53.46,43.21,67.48,29.0,3865.41,290.0,High
Wind,2.07,6.48,12.9,88.07,55.19,141.77,53.72,1927.81,131.0,Low
Wind,3.8,3.06,29.61,39.36,83.32,11.69,29.46,7624.35,349.0,Moderate
Wind,5.74,23.56,-8.79,26.61,80.24,45.84,64.18,2147.14,363.0,Low
Wind,4.82,11.53,20.52,82.94,10.0,140.96,22.23,6984.76,334.0,Low
Solar,2.7,7.78,26.53,23.99,93.4,22.52,35.57,1894.0,31.0,Low
Solar,4.21,12.26,39.67,76.75,11.04,99.02,61.73,1001.43,122.0,Moderate
Solar,2.15,19.32,23.94,22.02,63.46,135.89,35.33,2585.89,345.0,Low
Wind,5.86,4.21,1.59,62.7,67.24,155.53,63.73,2920.81,294.0,Low
Solar,7.36,19.19,-4.59,22.04,67.99,96.23,79.75,6507.37,333.0,High
Wind,7.31,18.74,22.05,83.85,26.54,129.75,67.83,1692.75,209.0,High
Wind,6.2,13.48,16.16,55.2,33.03,112.52,40.51,9310.04,175.0,High
Wind,4.79,21.65,34.96,36.34,54.87,19.94,74.04,5588.18,39.0,Low
Solar,5.07,3.3,26.33,21.23,19.96,151.13,23.07,4960.22,306.0,Low
Solar,2.82,14.89,15.49,39.7,2.03,42.75,63.5,4403.48,272.0,Moderate
Solar,4.05,11.23,10.18,66.4,56.21,16.04,21.4,5709.35,21.0,Low
Solar,3.13,10.56,10.22,40.8,46.53,95.72,30.47,322.22,76.0,Low
Wind,6.93,6.31,1.32,29.69,65.67,174.47,79.26,9901.86,203.0,Moderate
Solar,7.49,9.31,-9.13,56.19,14.67,38.66,41.65,5619.49,250.0,Low
Solar,5.22,2.7,18.75,43.43,84.09,12.44,69.23,448.43,50.0,Moderate
Solar,6.37,6.29,0.62,23.26,14.62,30.9,42.57,5940.78,89.0,Moderate
Solar,2.73,6.8,0.42,22.32,89.13,79.1,70.4,4427.08,70.0,High
Wind,5.65,18.02,-3.73,66.6,44.95,120.23,77.93,337.97,80.0,Low
Solar,6.22,1.21,-0.52,87.97,54.98,46.67,46.13,9251.84,336.0,High
Solar,4.72,16.28,-8.41,28.65,89.66,162.37,53.56,204.61,261.0,Low
Solar,3.46,5.54,23.71,71.85,29.99,153.13,57.72,5820.93,269.0,High
Wind,7.26,2.05,10.07,17.01,18.18,142.21,76.09,9621.73,290.0,Moderate
Solar,6.46,7.52,18.08,40.53,44.58,102.62,35.4,2452.28,130.0,Moderate
Solar,7.4,5.61,21.85,50.54,24.44,79.39,56.67,2616.37,280.0,Moderate
Solar,6.91,13.8,38.62,31.5,52.78,81.36,39.48,104.19,357.0,Moderate
Wind,7.94,8.93,-6.59,52.37,27.53,105.58,33.02,756.88,255.0,Low
Wind,3.15,24.15,10.9,80.61,86.45,24.69,25.1,544.4,152.0,Low
Solar,2.52,24.09,2.29,85.56,60.73,139.64,57.24,8244.3,261.0,High
Solar,4.02,11.09,13.84,18.04,0.02,76.79,72.93,8383.7,329.0,Low
Wind,2.77,19.88,36.02,31.75,80.55,52.7,41.08,7294.33,47.0,Low
Wind,5.14,0.33,26.2,88.33,33.02,62.88,53.16,3592.18,97.0,High
Wind,5.8,13.7,23.1,31.63,32.02,44.26,58.53,8230.42,336.0,Moderate
Wind,5.47,18.58,12.06,65.42,38.31,181.3,44.88,5443.77,345.0,High
Wind,3.56,5.42,23.56,30.28,63.03,42.12,74.2,3112.67,177.0,High
Solar,7.45,1.53,-8.38,38.51,44.21,177.76,41.77,4429.04,137.0,Moderate
Solar,2.13,3.9,19.31,25.3,62.86,118.73,27.5,751.1,103.0,High
Solar,4.09,11.05,17.69,78.5,14.68,174.82,28.64,9454.6,182.0,High
Solar,6.31,12.66,7.33,80.61,97.02,100.07,73.45,6229.25,341.0,High
Wind,6.6,9.52,0.08,33.75,72.96,186.25,79.28,7339.22,55.0,Low
Wind,4.5,11.0,30.38,75.89,25.02,50.18,37.34,6798.18,153.0,Moderate
Wind,2.1,11.76,-7.31,38.66,72.42,115.39,28.62,6710.72,333.0,Moderate
Wind,5.71,19.24,-6.52,17.92,57.5,33.91,48.93,270.88,127.0,High
Wind,2.38,2.63,12.03,70.65,10.92,94.97,62.57,5301.18,280.0,Low
Solar,2.65,19.22,2.63,57.72,17.82,118.28,56.74,8234.93,142.0,Moderate
Solar,5.9,17.22,27.27,31.95,4.13,125.08,77.07,540.74,294.0,Moderate
Solar,3.87,18.54,21.71,30.24,80.92,79.45,69.07,9566.04,358.0,High
Solar,4.09,18.36,28.63,88.05,55.17,24.5,72.14,4299.18,142.0,High
Solar,4.92,11.76,6.23,79.0,31.67,134.51,52.5,2969.97,308.0,High
Wind,7.87,5.29,27.03,74.78,12.63,102.8,39.64,5365.03,361.0,Moderate
Wind,7.79,13.42,33.12,20.24,48.4,36.01,62.1,8032.02,359.0,High
Wind,4.5,23.95,7.26,70.41,52.53,187.82,46.34,4800.08,158.0,High
Wind,3.59,14.71,6.99,27.16,70.19,191.58,37.27,6486.55,177.0,High
Wind,3.82,0.28,35.0,88.19,96.99,172.76,29.14,5049.15,111.0,Low
Solar,3.61,1.49,-7.51,14.17,43.49,170.33,51.67,6349.6,115.0,High
Solar,5.19,24.82,7.51,38.17,40.6,28.75,55.66,1466.51,180.0,Moderate
Solar,5.64,1.8,-4.07,44.29,36.99,198.75,54.13,482.77,73.0,High
Wind,4.93,1.15,-8.55,75.94,82.69,86.07,26.99,1455.32,260.0,Moderate
Wind,4.45,8.83,-4.36,71.3,15.63,40.99,54.2,2929.8,196.0,Low
Wind,3.27,24.23,11.56,40.0,34.38,164.3,30.1,2608.23,328.0,Low
Wind,4.9,7.97,24.35,55.24,72.5,52.89,59.82,6190.24,296.0,High
Solar,4.05,10.25,4.46,76.85,1.57,109.97,45.76,4613.31,118.0,Moderate
Wind,5.25,15.85,32.48,11.46,28.94,34.32,70.93,484.24,185.0,High
Solar,6.05,0.6,11.88,74.17,64.14,100.18,66.7,445.17,274.0,High
Wind,5.8,22.44,38.41,85.75,18.6,116.05,63.46,996.82,71.0,Moderate
Solar,4.77,12.99,37.71,12.57,30.27,94.73,62.04,3595.5,12.0,Moderate
Wind,5.34,11.67,28.66,13.65,48.6,23.2,53.63,161.21,311.0,Moderate
Wind,3.71,21.52,36.62,37.56,42.2,102.14,23.67,4990.47,50.0,Moderate
Solar,2.15,23.83,25.35,17.02,10.6,99.1,59.33,3670.63,325.0,Moderate
Solar,5.75,10.59,34.78,48.34,93.82,59.71,48.02,5598.87,333.0,Low
Wind,3.52,4.31,1.82,68.3,4.43,185.1,48.17,7236.17,168.0,Low
Solar,6.01,20.39,7.27,55.35,74.97,89.38,42.74,2584.63,294.0,Low
Wind,6.48,10.08,27.65,25.71,7.14,174.18,75.74,1655.13,133.0,Moderate
Wind,7.5,23.39,11.23,62.38,46.73,30.84,34.97,2852.73,313.0,Moderate
Solar,7.75,23.75,31.87,64.79,17.54,70.59,39.0,117.46,301.0,Moderate
Wind,2.06,2.87,33.88,84.6,14.11,43.5,77.78,1288.13,29.0,High
Wind,7.94,23.91,4.99,21.74,12.59,87.6,68.61,7533.22,213.0,Low
Solar,6.1,9.21,31.17,65.39,45.28,31.21,20.85,2305.79,234.0,Low
Wind,5.86,16.16,-2.29,82.91,51.55,93.8,74.37,9943.57,0.0,High
Wind,2.09,0.87,6.71,50.13,13.34,77.24,33.6,1761.53,358.0,High
Wind,7.17,22.22,15.9,38.94,97.94,52.43,62.36,7908.84,148.0,Low
Wind,2.87,16.04,1.32,23.66,25.78,132.01,53.18,7079.94,189.0,Moderate
Solar,7.02,16.09,18.96,79.34,45.88,190.67,52.21,3289.11,71.0,Low
Solar,2.09,22.55,18.93,41.54,21.63,49.35,63.08,3374.32,223.0,Moderate
Solar,5.88,12.71,0.35,83.99,49.39,145.24,32.43,5679.16,296.0,Low
Wind,4.61,10.26,29.78,77.82,75.6,151.05,29.54,8538.5,214.0,Low
Solar,3.2,21.65,21.58,40.13,52.11,104.64,59.11,3923.25,288.0,High
Solar,2.65,18.56,5.89,55.91,28.56,180.56,37.43,705.68,267.0,High
Solar,4.64,23.72,1.61,12.17,24.84,193.61,78.44,3806.75,87.0,Moderate
Wind,2.74,23.5,33.94,31.06,75.89,78.83,47.09,2152.4,159.0,Moderate
Solar,4.92,9.56,31.79,66.82,11.82,133.7,26.7,9398.15,54.0,Low
Solar,5.75,11.17,1.49,64.23,37.0,135.82,61.15,7003.02,15.0,High
Wind,6.96,6.4,-8.22,38.27,15.15,86.69,38.37,603.24,23.0,Moderate
Wind,6.07,16.52,30.23,74.69,25.8,70.19,28.92,3000.59,344.0,Moderate
Wind,2.39,9.11,20.78,28.87,15.27,187.41,45.37,597.14,359.0,Moderate
Wind,3.84,19.65,-4.96,46.9,88.68,160.1,77.85,8317.17,35.0,Low
Wind,3.73,3.04,19.37,47.8,73.19,31.75,44.69,9072.33,122.0,Moderate
Wind,7.49,2.91,12.61,37.27,56.09,32.78,40.84,1211.57,42.0,Moderate
Solar,7.21,5.11,28.73,86.37,22.44,185.28,46.67,4458.87,304.0,High
Solar,4.22,2.11,0.45,65.73,51.02,25.47,20.73,9325.64,181.0,High
Wind,2.43,15.5,12.66,53.14,52.08,140.8,27.99,1537.6,227.0,High
Wind,7.36,3.68,-2.19,50.84,59.04,53.08,70.98,2989.85,197.0,Low
Solar,7.33,4.0,37.88,22.74,6.01,16.69,78.68,3112.32,259.0,High
Wind,7.13,0.36,28.94,39.77,97.29,21.33,29.48,397.58,116.0,High
Wind,7.07,19.55,26.84,63.82,46.54,80.97,52.13,459.11,50.0,High
Solar,4.88,20.31,24.51,83.97,92.65,24.74,77.98,9532.65,6.0,High
Wind,3.06,4.05,11.17,75.32,0.98,123.36,29.39,5753.82,163.0,Moderate
Wind,4.86,18.49,36.16,34.03,24.76,132.98,31.18,3135.82,331.0,Low
Solar,4.97,10.84,-6.35,44.72,10.4,80.96,75.61,3848.88,111.0,Moderate
Solar,4.94,5.99,30.16,16.63,76.96,151.15,62.34,7176.94,72.0,Moderate
Solar,5.23,15.53,0.76,18.17,32.01,103.11,29.12,3728.52,338.0,Low
Solar,3.55,4.46,6.2,47.62,84.05,91.74,43.61,2354.83,38.0,Moderate
Solar,4.2,18.92,15.97,52.42,83.24,87.33,23.38,1108.19,19.0,High
Wind,4.61,1.19,29.13,31.12,66.78,91.91,45.96,7316.44,321.0,Low
Wind,2.79,23.98,31.93,61.42,66.58,193.9,66.67,1887.59,256.0,Moderate
Wind,4.73,1.8,19.19,66.27,70.02,139.47,53.24,789.52,154.0,Moderate
Wind,6.86,14.49,10.15,33.93,67.38,69.89,58.85,4326.85,275.0,High
Wind,6.97,22.55,37.33,70.67,38.69,149.43,39.61,491.75,271.0,Moderate
Solar,4.47,0.3,2.33,26.45,68.28,72.75,29.68,9653.48,15.0,Moderate
Wind,5.11,12.46,30.15,53.54,89.74,33.89,20.79,6310.2,247.0,Moderate
Wind,2.2,8.75,20.6,74.34,33.26,100.32,69.28,1611.7,234.0,Low
Wind,6.05,14.51,8.84,52.96,94.49,152.69,58.2,1807.3,352.0,Low
Wind,4.43,5.64,-9.93,82.64,1.36,81.76,33.76,5741.3,353.0,Moderate
Wind,4.67,1.62,12.33,14.68,34.91,175.14,45.11,3630.0,138.0,Moderate
Solar,7.24,15.65,3.84,57.07,13.21,83.52,68.09,7765.24,215.0,High
Wind,4.77,10.42,-4.78,54.94,12.66,76.47,52.32,5503.48,52.0,Low
Wind,2.13,15.56,-6.24,62.83,81.54,199.67,38.01,4390.01,24.0,Low
Wind,3.36,5.26,7.38,76.67,91.84,101.67,36.03,9633.5,158.0,Low
Wind,4.85,8.47,20.74,68.07,77.78,162.99,33.06,3968.22,252.0,Moderate
Wind,4.55,14.04,31.88,73.22,97.66,162.95,69.42,4066.05,207.0,High
Wind,7.16,14.83,-0.82,33.11,21.63,186.01,54.91,6691.15,157.0,High
Solar,5.25,9.31,11.23,41.0,14.08,26.13,62.55,8113.84,299.0,Moderate
Wind,6.14,7.0,9.6,60.14,52.07,61.53,71.61,6299.53,290.0,Moderate
Solar,4.82,6.84,15.67,54.28,82.9,155.87,79.21,7016.24,267.0,High
Solar,4.64,4.37,30.48,86.89,3.98,116.89,34.97,3792.02,28.0,High
Wind,4.68,8.14,17.68,24.95,99.56,116.33,30.85,4847.02,291.0,Low
Wind,4.47,4.99,32.33,38.1,60.22,41.58,47.72,2050.65,336.0,Moderate
Wind,5.23,15.85,15.93,55.82,97.89,63.42,22.1,6834.44,22.0,Low
Solar,3.5,14.23,20.19,79.44,36.51,109.05,67.5,2292.37,147.0,High
Wind,7.35,9.56,11.87,84.35,45.8,62.66,73.03,112.44,361.0,Low
Wind,4.0,8.15,31.15,36.88,75.24,49.95,61.16,9344.24,219.0,High
Wind,2.89,5.94,36.19,15.37,79.27,26.67,36.08,3129.55,187.0,High
Solar,2.58,13.39,21.96,43.73,23.3,39.59,27.39,2046.66,65.0,Low
Solar,2.08,22.97,31.04,41.55,92.98,156.08,42.93,2754.65,206.0,Moderate
Wind,4.54,17.14,-7.05,88.92,86.74,146.57,70.0,3371.43,160.0,Low
Solar,3.13,18.61,35.31,44.48,1.82,18.71,40.87,4798.01,47.0,Low
Wind,2.13,20.86,-0.55,34.46,12.86,48.62,22.06,786.58,169.0,Moderate
Solar,5.12,8.79,2.83,39.23,49.61,116.49,36.46,621.46,60.0,Moderate
Wind,6.08,1.57,-7.33,41.75,46.1,71.3,79.4,2999.82,267.0,Low
Solar,2.51,15.56,38.27,75.72,70.84,166.42,60.6,3028.08,355.0,High
Wind,4.77,4.72,32.6,16.48,8.97,159.15,74.05,1264.7,171.0,Low
Wind,6.46,14.23,35.66,35.32,64.49,179.4,66.49,4107.44,231.0,High
Solar,7.91,18.49,32.36,87.31,61.64,116.96,52.38,2911.88,157.0,Moderate
Solar,6.0,19.59,13.98,22.25,23.36,76.89,28.92,357.95,51.0,Moderate
Solar,3.47,7.55,36.2,69.41,54.24,125.15,40.92,8868.64,354.0,High
Solar,6.3,12.81,38.47,38.51,22.22,26.94,55.02,8871.59,47.0,Low
Solar,5.59,15.52,15.13,56.54,14.69,11.82,72.24,2170.9,41.0,Moderate
Wind,3.27,20.49,-1.22,17.96,57.31,13.25,36.12,1712.44,168.0,High
Wind,7.11,19.03,22.93,34.51,97.75,87.43,27.27,5518.2,240.0,High
Solar,4.56,24.7,38.77,50.07,23.69,53.33,53.53,6344.46,130.0,Low
Wind,7.77,0.2,33.61,28.54,35.53,39.89,30.59,9579.67,70.0,High
Wind,6.34,10.94,33.09,53.35,25.66,126.91,56.62,3835.75,299.0,High
Solar,5.87,6.4,36.69,27.58,26.65,199.07,35.81,6220.18,133.0,Low
Wind,6.37,3.0,34.7,62.01,40.42,43.77,33.86,8793.99,71.0,Moderate
Wind,4.87,22.79,28.81,82.35,70.19,113.82,43.95,4554.54,133.0,Moderate
Solar,5.03,24.95,25.91,16.84,3.88,32.75,55.59,1311.22,78.0,Moderate
Solar,7.11,4.51,3.24,27.33,95.71,187.5,52.72,3836.73,190.0,High
Wind,6.09,0.96,21.07,77.55,4.63,65.43,34.68,1452.01,244.0,High
Solar,7.38,6.88,16.07,60.52,88.13,176.88,73.47,264.73,292.0,Low
Wind,7.34,20.87,33.1,16.3,89.44,63.78,26.59,7540.38,83.0,High
Solar,7.86,7.35,14.59,48.91,52.45,163.15,22.37,2460.39,61.0,High
Solar,6.2,1.42,-3.61,26.78,13.7,49.78,56.16,119.87,7.0,Moderate
Solar,5.01,1.31,-9.75,25.93,56.51,65.63,27.4,8737.08,83.0,High
Solar,3.0,10.69,23.89,85.25,62.86,46.57,50.29,4493.51,9.0,High
Wind,6.23,23.3,17.5,70.92,85.78,60.21,77.11,2464.71,126.0,High
Solar,3.75,7.15,6.55,65.7,55.09,168.62,61.91,2701.62,53.0,Low
Solar,3.7,10.68,-1.55,29.11,41.07,131.42,57.05,2481.33,212.0,High
Wind,3.43,2.55,13.34,19.49,83.83,87.12,54.49,2026.11,140.0,Low
Wind,7.25,12.34,-4.99,79.67,98.1,194.59,30.77,8428.14,34.0,Moderate
Wind,7.21,17.41,6.81,10.47,64.51,98.32,45.96,1786.28,146.0,High
Wind,5.79,6.78,8.96,41.05,87.44,194.25,40.55,5662.36,76.0,Low
Solar,4.84,7.42,13.28,32.21,59.87,47.35,77.18,865.47,248.0,Moderate
Wind,6.03,21.05,13.33,55.63,68.98,181.88,34.54,9500.26,133.0,High
Solar,5.64,0.26,2.85,30.04,68.82,12.63,48.29,6072.81,54.0,Low
Wind,4.49,15.91,32.51,34.9,70.48,113.61,76.28,9041.21,128.0,Low
Solar,4.28,9.85,7.78,78.0,32.1,90.38,67.35,4038.99,82.0,Moderate
Wind,4.3,7.46,1.48,58.26,57.57,109.77,77.87,8125.65,290.0,High
Solar,5.53,16.44,-1.21,21.65,59.41,115.15,56.5,8551.18,359.0,High
Solar,5.89,20.87,6.13,68.12,31.51,83.92,40.03,7059.2,9.0,High
Wind,4.71,13.96,-6.62,26.6,34.99,199.66,69.6,1020.18,252.0,Low
Solar,7.81,0.78,-8.35,44.64,76.22,195.54,37.49,259.19,96.0,High
Solar,2.5,11.54,20.26,61.73,58.27,192.73,29.89,1768.74,24.0,Low
Solar,4.08,11.57,20.96,31.75,14.92,196.03,62.38,1269.16,5.0,Low
Solar,4.51,13.59,16.48,40.73,83.76,160.67,58.34,7278.86,322.0,Moderate
Wind,2.1,16.77,28.11,68.73,88.31,197.83,72.74,5614.37,129.0,Low
Solar,4.19,0.48,-8.04,85.03,46.61,179.55,77.72,5306.91,363.0,Moderate
Solar,3.64,12.55,36.8,52.34,20.89,89.03,71.43,2603.39,161.0,Moderate
Wind,5.04,14.71,-5.25,10.8,94.76,159.11,23.6,1630.61,68.0,High
Wind,4.02,8.58,23.7,37.08,88.23,183.29,59.87,2144.82,284.0,Moderate
Wind,6.36,16.71,-3.33,41.89,24.44,145.4,67.08,4062.74,338.0,High
Solar,5.06,5.7,34.0,37.13,9.56,90.33,78.92,7427.42,298.0,Moderate
Solar,2.78,7.93,15.54,44.9,44.07,22.5,42.48,2619.71,272.0,Low
Wind,6.5,24.07,-5.89,60.61,67.64,163.84,30.19,7016.27,122.0,High
Solar,2.6,8.7,20.84,19.69,17.54,191.02,71.18,4965.97,24.0,Low
Wind,7.03,8.66,-9.54,31.81,51.32,78.87,39.05,8865.86,73.0,High
Solar,7.59,14.89,28.8,50.61,42.54,38.86,55.89,2405.85,163.0,Low
Wind,3.93,24.27,22.53,35.25,89.06,72.04,43.39,4563.48,349.0,Moderate
Solar,7.56,24.58,0.63,89.29,42.96,120.7,44.14,1056.98,264.0,High
Wind,6.76,14.49,8.74,44.51,53.38,70.22,63.95,3418.02,302.0,High
Solar,7.53,0.03,-9.61,79.58,95.53,126.02,41.69,5118.12,101.0,High
Wind,6.0,22.52,24.68,81.72,29.97,193.7,61.58,7354.13,250.0,Moderate
Solar,3.41,14.26,6.13,76.88,28.9,137.44,20.86,2060.96,315.0,Low
Solar,7.37,9.15,18.58,13.75,79.96,78.91,39.48,2259.11,175.0,Moderate
Solar,3.11,20.73,37.84,85.82,27.75,187.79,39.14,6352.62,157.0,Moderate
Wind,3.28,10.0,4.97,20.3,83.19,117.47,64.93,3886.33,263.0,Moderate
Solar,3.63,0.85,39.51,12.75,9.55,34.39,38.87,4872.74,204.0,Low
Solar,3.83,20.53,21.64,43.15,11.13,104.81,58.0,8377.74,363.0,Moderate
Solar,5.09,13.65,2.1,25.57,90.13,134.19,61.31,5040.92,155.0,High
Wind,6.28,8.45,11.84,24.74,54.08,169.27,59.51,6559.74,64.0,Moderate
Solar,7.56,6.27,27.02,33.03,71.88,187.93,56.2,6602.07,172.0,Low
Wind,2.53,14.84,12.32,29.87,22.53,70.31,44.82,8055.76,86.0,High
Solar,7.73,5.2,-6.57,64.78,16.63,39.55,42.4,6417.58,205.0,Low
Wind,7.53,8.1,-1.57,24.94,83.5,24.03,53.88,741.62,46.0,Moderate
Wind,2.32,15.91,29.56,53.45,35.86,150.29,23.82,3487.51,347.0,Low
Solar,4.16,22.04,22.42,88.91,45.5,161.08,72.55,9894.23,314.0,High
Wind,6.88,13.32,18.49,44.59,2.8,87.78,69.52,2045.45,57.0,Low
Wind,5.67,18.98,-1.62,61.35,38.59,85.23,40.78,5908.62,63.0,High
Solar,6.67,19.08,31.89,87.55,77.04,191.31,54.01,8445.11,187.0,High
Wind,6.31,16.61,38.04,21.01,82.13,184.17,75.93,5906.93,282.0,Moderate
Wind,4.98,6.15,-7.96,43.49,69.88,54.32,36.3,3785.48,80.0,Moderate
Wind,2.25,21.67,-6.1,78.02,69.22,158.35,64.55,894.26,22.0,High
Wind,5.51,10.91,34.24,84.58,50.62,128.31,24.96,3680.48,199.0,Low
Solar,2.29,1.11,30.78,58.1,53.83,39.3,51.4,1902.47,252.0,High
Wind,5.62,6.12,20.9,21.47,74.26,77.79,73.04,9612.54,89.0,Moderate
Wind,6.8,19.14,37.25,82.12,24.73,43.72,53.1,7178.82,270.0,Low
Solar,5.51,1.73,22.32,23.96,23.15,66.08,56.98,7518.89,347.0,High
Solar,7.98,3.68,0.8,38.23,94.99,126.91,74.46,4416.1,50.0,Moderate
Wind,4.74,17.36,26.43,40.04,2.77,81.3,62.92,1188.65,187.0,High
Solar,6.49,22.32,22.29,45.78,13.95,84.87,61.75,2740.49,21.0,High
Solar,6.0,15.84,39.29,73.21,57.03,112.53,55.18,2671.14,75.0,High
Solar,7.95,5.56,0.69,74.17,73.78,26.57,57.98,4919.12,33.0,Low
Solar,6.28,1.34,19.89,67.57,53.79,150.37,68.22,4663.7,147.0,Moderate
Solar,2.98,15.38,29.01,11.77,35.51,86.32,78.75,4390.74,300.0,Moderate
Solar,7.73,1.18,6.95,55.19,97.8,101.28,67.72,5010.18,211.0,High
Solar,6.01,15.32,8.98,69.8,70.39,195.12,62.45,9871.53,81.0,High
Solar,2.36,5.64,34.4,45.57,83.14,75.43,28.13,3053.7,15.0,High
Solar,5.95,22.62,10.21,85.59,4.02,133.16,69.02,6191.16,202.0,Low
Wind,7.3,11.88,21.24,75.9,23.59,84.58,64.16,2471.13,48.0,Moderate
Wind,5.46,5.6,34.46,61.05,37.42,179.91,66.23,4719.4,125.0,High
Wind,4.12,21.33,0.49,14.99,18.26,170.88,33.87,2080.49,186.0,Moderate
Wind,6.93,6.35,39.09,62.19,7.29,55.91,74.21,5626.1,330.0,High
Wind,6.7,7.66,25.1,82.93,22.51,141.43,25.84,2723.62,30.0,Moderate
Solar,5.27,20.86,14.81,40.36,53.36,22.38,35.22,464.21,244.0,High
Solar,2.93,7.72,11.55,77.05,69.57,193.01,59.78,8171.18,5.0,Low
Wind,3.51,10.25,37.72,35.05,77.4,76.31,60.42,1369.73,230.0,High
Wind,6.43,8.69,0.29,55.61,4.29,168.05,38.8,3743.58,201.0,High
Solar,6.84,2.91,5.58,61.87,42.8,70.5,62.09,4824.06,296.0,High
Wind,3.68,0.97,5.39,64.24,12.22,130.23,43.28,4381.55,194.0,High
Solar,4.21,18.11,4.45,80.6,43.12,196.88,20.01,7284.09,129.0,High
Wind,2.47,16.13,13.43,28.77,43.4,176.58,29.76,6008.09,89.0,Moderate
Solar,6.28,7.06,39.46,30.99,49.82,40.47,72.96,3024.17,31.0,Moderate
Wind,2.02,7.39,34.44,66.32,89.28,114.02,33.36,611.86,195.0,Low
Solar,2.28,23.63,6.4,24.18,80.51,76.22,26.77,7699.19,324.0,High
Wind,2.03,24.69,11.14,47.14,63.67,92.52,60.93,3590.02,188.0,Moderate
Wind,5.87,11.84,23.47,11.6,88.54,73.68,46.44,8908.27,270.0,Moderate
Solar,4.5,20.06,-9.14,21.28,67.85,73.83,67.8,4011.06,109.0,High
Solar,3.79,18.42,31.01,64.31,81.89,113.09,71.69,7204.82,164.0,High
Wind,7.48,7.43,33.99,69.8,56.38,46.47,70.76,9401.69,118.0,Low
Wind,3.16,1.46,32.86,19.23,52.52,112.11,38.78,6546.41,40.0,Low
Solar,4.34,3.56,8.75,28.22,72.41,63.0,50.33,4193.54,152.0,Moderate
Solar,7.64,20.96,13.1,17.91,1.97,64.91,59.01,5717.25,279.0,Low
Solar,4.56,18.28,-9.38,44.67,69.04,150.36,39.32,5480.11,144.0,Moderate
Wind,5.33,16.61,9.97,20.09,93.45,15.62,22.47,5889.72,237.0,Low
Wind,2.48,3.27,13.02,44.98,71.39,82.38,49.74,1553.52,277.0,High
Solar,6.74,16.0,35.35,68.57,3.68,87.43,20.77,7015.25,118.0,Low
Wind,4.54,19.3,34.7,64.67,37.79,102.17,77.04,1535.93,291.0,Moderate
Wind,6.8,21.52,38.3,32.44,80.96,137.11,67.8,244.71,124.0,Low
Solar,3.52,0.33,34.26,63.9,95.86,80.24,31.52,6285.32,93.0,Moderate
Wind,4.53,17.11,-9.59,84.22,37.02,50.5,37.25,1257.44,81.0,Moderate
Solar,6.72,0.48,22.07,37.8,84.12,178.13,78.97,7727.08,73.0,Low
Solar,7.84,17.67,-6.59,36.33,86.38,196.4,42.41,8673.06,269.0,Low
Wind,2.36,15.89,3.63,55.72,12.33,13.8,67.02,9452.89,324.0,Moderate
Wind,6.87,3.71,18.92,29.64,84.58,113.83,46.81,6678.32,84.0,High
Solar,3.8,19.15,25.03,62.13,32.42,74.92,71.85,4871.95,31.0,Low
Solar,5.3,1.71,22.73,76.58,59.32,62.63,62.23,3587.58,115.0,Moderate
Solar,3.74,20.66,-7.55,46.75,53.9,73.78,21.37,4960.16,240.0,High
Wind,5.68,6.55,-4.82,64.36,66.31,131.39,37.66,1984.49,135.0,Moderate
Solar,4.12,17.22,-3.57,62.15,74.05,46.24,53.48,3549.38,200.0,Low
Solar,4.0,23.09,-5.43,13.09,44.09,183.44,75.57,7207.51,272.0,Moderate
Solar,2.23,8.5,-1.09,24.67,88.83,98.56,26.12,2252.49,149.0,Moderate
Solar,2.88,12.57,24.42,81.48,80.95,71.86,56.07,2714.26,365.0,Moderate
Wind,7.5,11.58,31.54,85.11,78.54,155.45,38.13,7518.35,109.0,Low
Wind,7.99,3.94,10.44,72.44,45.82,13.11,73.36,1860.58,357.0,High
Solar,6.68,14.76,24.64,83.7,3.76,92.05,65.91,2534.29,74.0,High
Wind,3.72,18.58,0.0,34.49,49.23,77.51,42.18,273.72,40.0,High
Wind,4.41,22.92,38.66,29.82,89.84,74.26,30.03,7228.51,274.0,High
Wind,6.44,21.27,7.5,40.74,19.05,74.04,20.69,6217.25,256.0,Low
Solar,7.81,12.75,32.29,14.43,98.26,15.94,57.27,6974.42,296.0,Moderate
Wind,4.73,17.98,37.27,74.79,80.77,38.9,44.37,2221.84,125.0,High
Wind,6.98,20.02,33.24,88.73,70.98,36.96,38.89,6905.03,340.0,High
Solar,7.85,12.34,-6.65,75.92,67.72,197.84,79.13,6004.13,44.0,Low
Solar,7.24,2.89,22.52,54.4,58.7,14.21,47.97,3724.62,11.0,Moderate
Wind,3.36,10.95,-4.0,33.62,72.07,41.74,64.99,4434.48,110.0,Moderate
Wind,2.05,21.06,-9.72,25.82,42.19,195.09,30.64,5722.41,291.0,High
Solar,4.95,14.92,-7.41,39.13,84.53,129.37,20.81,4983.59,246.0,High
Solar,5.19,18.11,35.81,63.36,69.63,95.63,45.05,6454.1,159.0,Moderate
Solar,3.21,4.63,35.42,45.76,77.13,24.96,59.94,1891.7,94.0,Low
Solar,3.71,24.11,1.29,84.72,79.25,137.24,50.4,5453.03,22.0,Moderate
Wind,6.59,10.1,17.35,78.34,9.21,36.18,73.43,4557.77,123.0,Moderate
Solar,4.82,16.34,37.75,18.19,5.56,137.53,46.04,4664.1,168.0,High
Wind,3.9,0.47,14.84,20.52,80.1,196.04,38.66,4746.88,251.0,Low
Wind,5.74,3.18,9.68,64.1,25.94,111.07,74.96,8826.57,236.0,Low
Wind,5.92,19.55,14.16,28.46,58.2,50.68,44.41,8204.41,346.0,Low
Solar,6.62,24.2,29.51,73.28,44.37,128.8,36.18,6332.74,37.0,High
Solar,2.94,8.0,13.86,57.31,2.2,107.46,25.86,7193.22,123.0,Low
Wind,6.45,0.93,29.16,28.39,4.03,111.3,67.6,523.75,176.0,Low
Wind,5.6,9.02,11.58,48.29,82.71,100.84,69.51,7465.52,245.0,High
Wind,2.35,0.44,2.6,42.49,60.77,138.01,22.0,4913.03,181.0,Moderate
Wind,6.66,4.81,6.32,79.85,52.38,118.67,41.52,3245.7,333.0,Low
Wind,4.3,18.81,-6.11,12.57,94.44,197.53,64.99,1483.79,222.0,Moderate
Solar,3.98,23.43,14.87,81.67,17.31,166.91,76.78,844.57,14.0,Low
Solar,4.69,2.19,-2.59,62.17,25.8,60.29,42.67,544.37,41.0,Moderate
Solar,4.08,13.95,30.58,69.0,75.67,147.89,72.32,1701.78,275.0,Moderate
Wind,4.03,6.35,11.03,10.21,77.52,50.72,43.62,398.42,261.0,High
Wind,6.85,3.48,28.25,60.26,40.49,158.65,30.77,7353.16,56.0,High
Solar,2.75,5.47,37.72,57.08,95.1,38.04,20.21,2561.28,22.0,Low
Solar,7.82,14.44,32.47,52.98,93.83,99.98,39.81,3750.53,211.0,Low
Wind,5.33,1.63,37.57,72.87,1.24,160.22,42.71,8244.89,232.0,High
Solar,3.1,10.86,18.4,54.47,17.23,63.22,76.71,1235.11,49.0,Low
Solar,2.79,3.38,-1.73,78.57,82.02,169.05,32.36,8372.38,173.0,Low
Solar,5.55,6.82,36.77,28.61,33.52,132.39,42.93,6431.45,112.0,High
Wind,5.8,4.77,33.43,74.48,9.55,85.53,21.51,3486.09,340.0,Moderate
Wind,2.32,22.07,33.22,24.35,78.5,90.45,65.81,1266.29,80.0,Low
Solar,3.46,17.7,24.66,75.05,45.46,185.94,74.91,1005.78,268.0,High
Wind,6.77,21.71,21.25,85.24,49.24,51.38,34.27,3421.59,189.0,Low
Solar,2.3,9.59,-9.26,36.86,18.64,141.74,45.74,1489.39,4.0,Low
Solar,7.13,7.84,27.4,52.39,66.09,144.39,27.33,2750.33,189.0,High
Wind,5.95,9.51,-5.42,62.67,55.12,185.27,47.41,624.26,36.0,High
Wind,4.61,0.46,2.99,16.36,20.67,145.5,28.0,5990.58,241.0,Low
Wind,4.08,18.12,17.57,49.53,34.03,121.05,51.4,1538.23,206.0,Low
Solar,2.12,8.74,12.59,38.85,59.69,181.48,64.08,7591.65,4.0,Moderate
Solar,6.95,7.83,-9.21,79.8,92.49,167.54,53.2,2259.93,75.0,Moderate
Solar,2.86,14.95,31.2,80.13,92.04,146.19,34.71,7999.97,283.0,High
Wind,3.86,10.91,33.94,66.06,28.79,16.19,41.23,1979.83,101.0,Low
Solar,5.41,24.52,24.09,62.46,73.56,80.97,58.31,7241.53,182.0,High
Solar,3.48,8.91,17.05,68.7,77.55,130.06,55.39,3397.44,114.0,High
Solar,4.98,15.35,38.04,39.28,80.88,109.23,28.21,5872.89,336.0,Low
Solar,6.86,7.79,-4.0,42.36,57.08,70.67,70.7,482.75,196.0,Moderate
Wind,4.82,24.76,26.9,54.3,1.05,37.44,48.51,5002.92,254.0,High
Wind,7.69,11.13,-3.58,85.04,76.17,115.07,29.74,1572.01,30.0,High
Wind,7.09,15.85,9.09,67.92,10.66,64.32,27.37,4914.57,15.0,Low
Solar,4.0,3.17,19.27,54.08,11.69,54.27,77.93,1499.46,95.0,Moderate
Solar,4.4,18.33,26.85,71.63,60.56,85.8,36.89,4427.18,113.0,Moderate
Solar,4.54,6.73,-9.81,39.67,98.35,159.24,74.52,1195.15,251.0,Low
Wind,5.76,11.22,3.03,68.44,24.25,102.69,44.64,2277.52,208.0,High
Wind,3.72,22.08,16.91,42.85,64.58,51.13,43.16,5991.28,137.0,Low
Wind,7.82,24.26,16.64,32.37,30.37,32.21,62.06,9768.94,239.0,Low
Wind,5.65,10.61,21.88,58.78,89.87,104.81,20.59,4546.93,60.0,Moderate
Wind,4.4,20.87,5.19,64.95,59.35,160.93,40.29,6903.02,23.0,High
Solar,5.87,1.33,17.03,46.74,20.75,134.04,38.16,5440.3,312.0,High
Wind,4.37,21.19,-0.51,55.24,26.21,54.11,72.09,5033.74,206.0,Moderate
Wind,6.91,15.74,-0.66,65.53,43.25,92.97,51.75,740.57,237.0,High
Wind,5.41,12.22,18.83,71.42,12.2,172.49,41.87,1528.54,112.0,High
Solar,2.25,22.25,24.27,81.65,7.87,43.75,35.96,8842.27,136.0,Low
Wind,3.06,21.13,-3.98,38.36,68.01,111.1,55.43,4160.63,30.0,Low
Wind,7.19,7.42,-3.86,86.12,40.72,77.68,29.1,6181.89,313.0,Low
Wind,5.38,19.79,18.27,60.98,72.62,33.59,34.77,5329.51,216.0,High
Solar,7.7,2.49,3.5,73.02,11.01,19.48,37.62,3850.94,31.0,High
Solar,2.43,20.57,9.62,65.98,60.99,115.62,56.47,3939.38,294.0,High
Wind,3.77,16.89,10.04,26.45,44.33,13.94,42.4,5599.1,162.0,High
Wind,3.16,2.2,-1.07,15.72,5.8,29.65,50.35,1497.3,279.0,Moderate
Wind,5.32,17.08,-9.93,68.1,54.48,76.04,59.03,3933.86,5.0,Moderate
Wind,4.3,14.51,32.66,50.88,8.28,18.27,77.38,4525.06,10.0,High
Solar,2.94,14.86,25.75,66.18,82.77,86.08,65.89,9852.75,62.0,Low
Wind,5.86,7.27,24.53,48.15,63.2,34.77,44.32,3579.4,77.0,Low
Solar,5.22,6.66,17.33,34.98,55.7,76.48,64.9,6481.33,279.0,Moderate
Wind,3.65,19.06,25.05,32.8,13.35,160.32,76.98,1460.41,258.0,Moderate
Solar,4.88,6.42,36.78,68.44,28.75,129.01,49.96,748.27,225.0,High
Solar,6.47,11.16,23.28,32.14,49.29,94.63,44.63,8728.27,323.0,High
Wind,3.23,17.37,3.25,67.17,63.33,27.45,24.68,7334.28,90.0,High
Solar,3.76,1.99,18.53,40.72,18.32,127.64,73.54,3243.24,330.0,High
Wind,4.08,14.86,12.12,71.67,0.89,41.1,34.79,5095.32,332.0,High
Solar,6.48,14.73,17.82,21.42,34.48,24.55,23.84,1443.87,159.0,Low
Solar,7.08,17.11,15.88,26.4,48.29,136.16,52.23,7100.89,34.0,Low
Wind,4.26,9.25,32.94,64.87,18.44,183.29,70.75,796.27,265.0,High
Wind,3.78,11.22,22.59,54.82,49.22,97.51,44.4,7594.63,123.0,Low
Solar,7.34,8.25,-0.56,26.31,33.85,17.79,66.98,5513.68,290.0,High
Solar,8.0,20.2,-6.85,82.23,45.51,177.26,70.18,2860.62,60.0,High
Wind,6.02,3.27,11.22,32.08,34.75,22.73,47.26,8639.49,197.0,Moderate
Wind,7.94,24.07,-9.22,43.69,62.85,174.83,55.46,9862.11,185.0,Low
Wind,5.96,15.87,5.91,26.18,4.29,84.45,52.03,2618.06,37.0,Low
Solar,6.4,22.17,8.4,41.04,17.09,79.42,76.35,8081.84,133.0,Moderate
Wind,4.33,10.66,8.78,49.33,43.28,113.13,63.53,7526.65,31.0,Low
Wind,4.6,8.31,38.97,33.62,35.63,191.85,75.52,7497.18,170.0,Moderate
Solar,2.86,22.52,5.2,71.53,39.16,180.76,33.2,9576.63,308.0,Low
Wind,6.94,2.47,3.26,41.51,80.38,99.36,38.61,4917.51,99.0,High
Wind,7.59,2.93,-3.53,68.36,88.63,142.21,24.25,6774.26,279.0,Moderate
Wind,5.74,7.48,15.55,26.57,24.87,120.28,49.99,8256.39,67.0,High
Wind,4.06,23.99,-2.32,40.16,83.64,141.76,72.44,4847.41,246.0,High
Solar,2.92,15.83,20.81,10.64,45.88,167.57,39.61,4866.17,334.0,Low
Wind,3.59,13.85,-2.24,70.69,27.38,16.55,27.7,3254.68,118.0,Moderate
Wind,3.53,17.63,18.83,60.07,98.55,71.89,24.11,7830.17,329.0,High
Wind,5.68,10.44,31.31,75.43,82.48,192.27,46.85,6893.34,184.0,High
Wind,7.67,18.95,-7.87,46.45,99.43,190.37,29.84,4566.29,116.0,Moderate
Wind,2.29,9.83,10.99,73.98,16.82,12.13,40.77,4251.43,327.0,Low
Wind,2.01,20.66,13.05,61.81,14.38,48.27,69.2,818.64,12.0,High
Solar,5.6,6.68,29.55,10.29,50.34,198.82,43.04,164.36,10.0,Low
Solar,3.7,6.94,13.4,30.3,63.86,103.64,56.59,5336.05,219.0,Moderate
Solar,7.28,13.06,18.38,49.51,17.11,118.84,50.13,4233.18,291.0,Low
Wind,3.96,10.77,29.56,59.49,86.04,41.62,63.11,7980.76,274.0,Moderate
Wind,3.74,16.2,17.99,15.25,53.2,179.92,29.37,5472.28,29.0,Low
Wind,3.62,9.11,7.91,66.41,41.09,53.94,75.23,9373.39,347.0,Low
Solar,2.87,5.76,-5.71,53.48,60.21,46.03,58.62,2041.79,257.0,High
Wind,5.49,11.75,26.5,52.06,63.5,53.34,36.26,9902.49,346.0,Low
Solar,3.01,14.02,33.56,33.36,4.28,184.73,27.4,3049.4,120.0,High
Wind,4.55,3.57,38.5,57.59,99.99,143.54,28.98,6460.0,253.0,Moderate
Wind,4.77,13.92,36.33,12.2,36.39,156.03,66.96,5068.35,314.0,Moderate
Solar,2.12,7.98,29.87,15.18,6.15,81.64,55.29,3659.81,139.0,High
Solar,2.1,9.81,22.17,68.71,85.23,182.74,42.85,1479.16,352.0,Low
Solar,5.12,6.98,29.07,35.75,99.3,159.99,39.97,1434.86,97.0,Moderate
Solar,6.18,23.29,11.6,37.76,81.64,152.61,71.35,7143.91,115.0,Moderate
Solar,7.65,17.08,19.74,26.67,85.19,194.48,72.49,3838.65,336.0,Moderate
Solar,3.07,6.56,7.43,45.65,62.59,79.58,54.88,9616.85,354.0,High
Wind,2.62,16.13,6.34,14.16,92.23,126.08,51.47,3323.92,104.0,Moderate
Solar,2.31,21.21,27.83,34.03,3.57,182.89,68.99,9836.88,50.0,Moderate
Wind,4.62,10.04,12.7,52.17,76.67,160.27,64.96,2133.69,277.0,Moderate
Wind,5.74,20.75,0.61,47.25,67.07,117.04,44.02,1117.86,339.0,Moderate
Wind,7.04,3.86,0.1,89.97,4.96,24.48,24.96,3194.44,219.0,High
Wind,6.1,20.57,32.96,41.1,54.4,134.02,66.11,8867.29,232.0,High
Wind,3.25,13.51,23.89,40.96,51.51,110.05,30.12,5266.33,278.0,Low
Solar,4.77,5.57,17.3,50.29,69.15,44.99,20.98,1442.94,56.0,Moderate
Solar,7.46,10.18,10.05,25.22,7.75,177.63,70.6,2104.74,355.0,High
Solar,3.96,24.7,11.54,80.1,80.53,75.22,54.7,3181.48,133.0,Low
Wind,4.99,19.59,-7.13,55.78,13.94,83.62,73.5,5942.65,229.0,Low
Solar,7.75,14.38,12.75,25.37,41.87,137.76,49.08,3390.55,171.0,Moderate
Wind,6.41,2.88,29.77,73.48,88.13,102.87,75.59,7495.84,171.0,Low
Wind,6.49,10.45,9.4,12.75,56.05,26.96,41.24,6201.31,257.0,High
Wind,3.51,6.58,9.18,88.61,37.96,83.61,63.47,8750.85,363.0,Low
Wind,4.49,1.78,-9.21,79.21,4.82,27.95,38.06,5059.52,241.0,Low
Solar,2.49,13.56,12.89,56.37,67.23,46.24,20.07,3378.65,290.0,High
Solar,5.64,22.23,-8.73,18.9,98.65,11.36,42.78,9963.09,10.0,Low
Solar,2.62,16.89,18.52,27.22,91.18,44.45,64.27,3620.77,296.0,Low
Solar,7.02,6.24,15.34,32.35,71.73,72.78,29.0,4343.17,109.0,Low
Solar,6.89,14.34,32.0,29.28,10.53,112.26,50.29,8110.36,46.0,Low
Wind,5.2,23.58,19.09,49.8,23.94,184.66,32.74,977.5,41.0,Moderate
Solar,2.85,18.07,6.17,85.56,18.68,112.66,24.48,3926.25,248.0,Moderate
Wind,2.15,17.24,15.81,45.53,35.55,144.06,57.05,948.53,364.0,High
Wind,6.78,24.2,24.99,62.93,23.55,77.96,77.12,1479.13,243.0,Low
Wind,5.6,19.97,-5.3,65.09,24.44,152.81,38.64,145.94,96.0,High
Solar,6.27,3.42,21.05,79.73,61.67,127.89,54.84,194.49,74.0,Moderate
Wind,3.82,8.69,35.83,12.71,31.87,97.36,77.22,3864.85,192.0,Low
Wind,5.06,24.13,4.96,42.35,67.72,46.82,59.03,8110.72,24.0,Low
Solar,6.48,12.24,21.33,72.78,94.79,67.67,60.39,5911.34,146.0,Moderate
Wind,4.78,2.79,31.07,75.19,63.85,127.98,30.74,6385.65,243.0,Low
Wind,5.61,11.47,15.59,84.19,75.17,90.95,49.56,5240.57,353.0,Low
Wind,6.74,17.42,25.9,66.22,75.16,178.98,42.02,8215.95,155.0,Moderate
Solar,3.29,24.94,5.55,29.61,33.07,54.62,48.26,8815.75,73.0,High
Wind,2.4,8.1,5.3,50.45,1.5,23.88,68.05,8512.43,298.0,High
Wind,5.19,12.85,23.38,12.59,5.5,121.98,47.64,8140.11,272.0,Low
Solar,2.37,21.99,25.27,61.75,28.21,178.35,23.77,1908.86,314.0,Moderate
Solar,6.6,8.88,36.85,54.34,68.95,79.3,74.33,5979.37,78.0,High
Wind,6.32,2.73,1.24,63.35,90.67,133.07,52.69,5863.42,148.0,High
Solar,7.29,23.72,13.41,84.41,95.88,53.97,75.47,5326.65,358.0,Low
Solar,5.84,12.21,2.53,64.98,2.58,116.11,54.34,4860.05,58.0,High
Solar,2.4,12.57,-6.0,35.64,99.01,159.49,24.18,982.79,245.0,Moderate
Solar,3.52,15.53,10.16,25.9,32.25,174.74,53.17,1111.42,87.0,High
Solar,6.85,0.09,8.7,78.37,84.3,29.97,54.54,9032.59,183.0,Moderate
Solar,3.0,23.28,3.52,25.55,18.03,77.71,32.86,6338.85,292.0,Moderate
Solar,6.19,9.04,4.85,22.93,6.29,131.53,48.26,2696.94,178.0,Low
Wind,6.68,9.92,8.02,26.53,37.84,16.6,47.57,2865.07,294.0,High
Solar,3.98,4.35,39.44,50.71,85.89,141.22,57.37,6140.93,156.0,Low
Solar,3.93,9.45,29.15,19.93,22.08,110.33,35.58,4128.66,365.0,High
Solar,5.35,20.1,-6.43,85.05,15.4,64.83,54.9,4469.11,159.0,Low
Wind,7.17,20.0,33.62,87.3,90.98,164.78,34.46,700.43,55.0,Low
Solar,3.34,23.39,21.67,87.9,93.83,65.11,46.79,1473.52,147.0,Low
Solar,7.65,10.08,34.53,13.13,1.25,198.37,27.36,3994.17,271.0,High
Wind,5.59,17.72,7.09,85.7,72.74,165.11,22.24,7026.9,309.0,Low
Solar,7.95,12.68,13.23,89.79,30.92,144.52,39.24,575.45,168.0,Moderate
Wind,2.54,20.1,34.81,85.39,37.47,21.66,36.47,3412.12,217.0,High
Wind,2.76,17.81,3.63,63.68,46.91,181.82,44.42,6981.21,308.0,Moderate
Solar,6.96,9.2,35.78,66.1,42.68,160.11,77.72,7941.3,297.0,Low
Wind,7.19,8.42,31.42,19.78,51.5,53.51,51.33,1983.18,240.0,Low
Solar,4.67,6.31,39.03,79.94,58.24,84.53,53.19,7341.72,297.0,Moderate
Solar,6.28,14.41,6.21,14.77,46.56,61.04,76.5,9558.58,210.0,Low
Wind,7.21,24.1,1.79,35.42,70.16,197.04,75.27,9077.44,2.0,High
Wind,2.26,5.0,6.54,89.29,71.86,172.3,73.05,7914.82,15.0,Moderate
Solar,5.44,2.38,37.73,43.79,44.04,186.74,25.88,7152.03,358.0,High
Solar,7.12,2.99,6.65,20.49,14.25,159.87,58.06,2427.87,53.0,High
Wind,4.39,19.58,18.26,87.54,64.06,96.71,68.49,6375.64,148.0,High
Solar,3.81,8.75,10.18,88.73,77.3,49.03,70.13,6468.41,341.0,Low
Solar,6.77,5.61,9.81,24.96,63.81,49.54,54.67,4127.53,71.0,Low
Solar,4.01,8.82,-0.33,79.18,58.81,38.82,21.05,4980.85,308.0,Moderate
Wind,2.02,16.13,16.85,41.23,22.94,113.86,78.42,6970.88,299.0,Moderate
Solar,7.76,13.67,32.47,40.51,64.51,184.79,48.33,9525.81,360.0,High
Solar,5.55,18.59,-7.53,31.02,33.49,198.44,43.62,3023.53,103.0,Low
Solar,6.92,8.48,34.46,13.58,91.96,64.59,43.7,2539.0,115.0,Low
Wind,6.95,11.3,23.27,31.44,65.37,142.49,45.45,6057.89,330.0,Low
Wind,2.4,2.55,20.84,14.3,27.82,123.45,34.53,1394.91,85.0,Moderate
Wind,3.03,1.83,21.3,83.95,47.29,102.9,39.64,5867.08,200.0,Low
Solar,3.87,11.56,4.81,62.94,84.66,136.5,79.12,979.63,258.0,High
Wind,3.92,7.54,10.76,80.93,33.55,80.56,42.09,4956.78,99.0,High
Solar,5.95,15.32,29.96,67.38,52.54,189.45,51.6,6242.1,343.0,High
Wind,5.74,1.08,5.32,20.5,67.97,144.04,70.9,794.09,243.0,Low
Solar,4.97,3.04,13.5,85.25,75.45,153.3,51.65,2148.84,17.0,High
Wind,3.27,21.63,-9.02,81.99,17.39,56.06,39.47,3420.21,50.0,High
Solar,4.29,14.16,26.68,37.85,56.52,42.03,51.43,3749.13,70.0,Moderate
Solar,5.26,17.8,10.89,18.92,91.22,84.92,26.85,6793.44,89.0,Moderate
Wind,4.81,21.05,16.27,66.33,96.84,155.67,27.8,5337.31,267.0,Low
Solar,2.76,11.6,-4.27,68.27,65.61,188.37,61.65,3882.87,32.0,Low
Wind,5.9,19.03,39.59,81.75,98.37,91.19,75.05,4561.69,128.0,Low
Wind,2.44,13.11,5.12,14.21,57.07,157.09,63.54,228.47,333.0,Low
Solar,4.27,5.57,21.75,21.34,44.26,99.38,24.48,7728.2,203.0,Low
Solar,6.26,8.44,19.06,57.86,55.16,66.09,44.17,505.95,97.0,Moderate
Wind,2.12,12.26,29.25,59.53,11.57,150.46,20.15,8310.24,349.0,Moderate
Wind,5.42,7.92,4.69,12.69,40.17,161.66,50.67,5455.87,89.0,Moderate
Wind,4.01,8.39,27.8,41.75,45.84,48.54,31.59,5325.41,330.0,High
Solar,2.05,8.43,9.13,56.73,84.86,67.98,72.09,7075.33,265.0,High
Wind,3.14,3.07,10.56,69.03,75.86,104.01,26.26,8609.64,270.0,Moderate
Solar,7.65,2.12,23.64,35.29,60.14,45.44,20.09,9432.2,279.0,Moderate
Solar,5.13,1.16,29.21,48.71,34.73,186.48,47.07,5479.36,185.0,Low
Wind,7.98,2.77,23.34,75.12,18.7,122.35,29.33,1591.52,297.0,Moderate
Wind,5.15,8.59,34.99,86.31,34.78,33.03,64.28,8798.45,305.0,Low
Solar,5.26,14.85,4.26,28.43,67.98,44.97,75.2,502.65,132.0,Moderate
Solar,4.35,4.7,35.03,30.24,26.3,191.33,22.52,8092.64,146.0,Low
Solar,3.86,22.2,-3.46,85.19,42.69,150.25,43.73,6836.17,324.0,Moderate
Solar,3.51,20.21,22.98,41.67,38.68,149.54,79.81,9056.8,192.0,Low
Wind,4.06,13.01,17.38,67.47,76.56,23.77,63.96,8984.89,316.0,High
Solar,4.76,18.11,14.73,58.98,88.38,180.11,77.19,626.23,229.0,High
Wind,3.15,9.16,5.55,32.85,69.94,94.31,29.84,6133.52,217.0,Low
Wind,3.35,0.92,15.19,62.28,34.16,135.35,33.28,1334.25,11.0,Low
Wind,3.63,22.61,-1.91,62.45,43.32,192.34,29.29,876.84,101.0,High
Solar,4.7,3.19,8.47,57.4,14.34,29.0,38.14,4537.94,183.0,Moderate
Solar,5.92,23.7,-5.07,17.97,16.81,101.63,63.46,1066.22,214.0,Low
Wind,7.14,14.3,18.59,89.61,16.43,19.43,29.9,7306.23,230.0,Moderate
Wind,3.72,7.64,-5.21,42.03,13.06,104.91,51.45,9692.51,261.0,High
Wind,3.1,12.39,-1.98,61.06,17.96,57.93,36.15,5738.87,240.0,High
Wind,4.27,12.54,-5.73,80.86,20.27,183.1,69.75,2428.17,310.0,Low
Solar,7.37,0.58,9.07,43.86,11.18,85.71,20.4,8447.74,108.0,Moderate
Wind,2.06,8.89,32.1,71.91,64.03,130.44,33.39,8545.72,234.0,High
Solar,6.07,18.5,35.34,87.75,99.04,173.45,56.31,7354.58,19.0,Moderate
Solar,4.86,12.75,-6.41,38.71,87.92,196.9,25.8,6189.81,175.0,High
Solar,2.97,6.11,21.73,42.42,4.56,105.73,47.98,8691.15,98.0,Low
Solar,3.93,8.38,24.22,82.45,42.31,96.59,46.17,1716.59,139.0,Moderate
Wind,3.35,21.58,16.69,22.77,85.93,24.39,71.15,9322.84,129.0,Moderate
Solar,7.27,13.14,23.35,12.29,13.47,12.42,57.52,9477.31,22.0,Low
Wind,4.89,13.21,1.68,82.71,84.76,125.67,58.38,8732.72,170.0,Low
Solar,5.38,24.04,14.48,75.73,59.27,22.44,77.11,2581.55,363.0,Low
Wind,5.56,8.02,9.54,87.81,93.13,82.27,78.94,8595.97,109.0,Low
Wind,5.84,11.99,-5.51,14.66,87.6,10.69,59.2,5026.62,269.0,High
Wind,4.97,20.29,21.28,22.49,67.7,126.89,51.32,5989.81,200.0,Moderate
Wind,2.11,18.97,14.76,18.43,65.78,90.83,56.48,8421.95,119.0,High
Wind,4.01,6.64,3.76,64.67,21.32,34.13,42.95,392.87,33.0,Low
Solar,3.1,3.78,13.68,58.48,11.68,66.31,79.25,3693.13,79.0,High
Wind,6.08,17.52,28.76,38.75,41.54,118.24,62.3,8175.36,285.0,High
Solar,2.34,6.44,30.08,14.59,18.66,134.78,37.46,8158.15,102.0,Moderate
Wind,5.38,23.07,22.48,61.17,10.24,97.84,23.47,8502.01,53.0,Moderate
Solar,3.26,3.23,13.39,55.61,30.23,162.75,22.68,1775.24,121.0,Moderate
Solar,7.69,7.96,18.79,19.03,86.05,31.36,32.29,7088.28,213.0,Low
Solar,4.01,1.37,9.25,82.71,1.71,26.06,33.97,1550.38,257.0,Low
Wind,3.95,17.58,-3.67,25.92,29.26,18.41,44.9,7872.47,141.0,Moderate
Solar,7.54,22.28,9.28,69.48,42.41,111.81,32.89,2526.75,182.0,High
Wind,4.5,15.9,16.52,80.81,51.06,144.18,57.85,7404.4,166.0,Moderate
Wind,7.78,23.44,19.94,56.36,18.16,34.8,32.68,4604.52,3.0,Low
Solar,2.15,3.21,36.79,29.75,96.42,131.4,31.27,9864.01,144.0,High
Solar,3.84,2.19,28.87,34.74,57.89,100.62,48.27,5840.95,214.0,Low
Wind,6.0,20.96,-2.4,80.86,52.21,197.6,73.32,6362.54,208.0,Moderate
Wind,7.35,21.39,-1.29,33.86,0.88,146.32,48.1,3744.82,274.0,Moderate
Wind,3.54,20.78,-4.98,69.7,48.57,134.92,44.83,7371.75,245.0,High
Wind,7.58,19.97,26.91,89.21,83.77,118.39,54.69,4999.37,101.0,Moderate
Wind,5.56,9.06,25.31,89.99,21.96,199.5,35.43,278.86,93.0,Low
Wind,6.81,5.44,39.32,52.68,35.12,196.29,41.21,6124.96,169.0,Low
Solar,4.38,23.22,16.1,76.12,2.06,112.24,32.83,8321.55,268.0,Low
Wind,3.27,7.68,31.32,89.22,97.69,96.48,54.31,2444.34,34.0,High
Wind,7.47,9.96,18.82,39.97,6.67,97.8,61.84,2288.53,346.0,Low
Solar,7.6,17.49,33.7,30.19,89.82,91.39,60.42,6127.97,198.0,Moderate
Solar,4.99,7.33,26.05,19.14,31.3,110.97,35.29,8197.99,112.0,High
Solar,2.04,20.48,22.14,21.27,58.76,61.98,66.78,2571.24,253.0,Low
Wind,2.66,1.75,18.26,78.28,67.93,186.09,35.36,9329.4,16.0,Low
Solar,5.44,19.78,26.15,57.1,14.08,103.14,29.02,9281.13,177.0,Moderate
Solar,2.14,15.05,10.98,79.9,44.38,169.98,40.99,2085.31,177.0,Moderate
Wind,4.38,14.32,-5.17,73.16,32.55,100.31,55.86,2711.47,59.0,High
Wind,3.82,11.46,-8.0,63.9,5.66,146.48,28.52,7035.93,306.0,Low
Wind,6.29,6.93,13.95,58.74,83.32,74.01,58.89,9522.16,291.0,Low
Wind,2.33,11.6,19.96,13.87,4.52,128.71,71.78,7127.84,56.0,Moderate
Solar,4.93,11.25,-6.06,79.78,65.33,104.69,37.59,4504.51,133.0,High
Wind,5.47,14.59,4.35,43.43,31.41,79.75,47.01,1773.11,37.0,Moderate
Solar,5.7,7.04,6.1,54.78,19.21,177.5,33.7,4664.0,310.0,Moderate
Wind,4.43,1.94,18.14,11.76,66.71,31.42,41.68,6107.0,118.0,High
Solar,3.83,3.63,3.92,84.89,57.45,102.52,21.32,3376.42,160.0,Low
Wind,6.09,17.48,-5.22,82.22,31.53,46.93,77.23,5151.55,118.0,Low
Wind,7.09,0.56,-1.76,53.46,51.3,173.6,44.95,1389.12,113.0,Low
Wind,6.16,21.41,-1.3,56.18,24.62,58.16,67.33,4576.66,273.0,High
Solar,7.59,17.36,32.13,66.4,86.37,130.35,28.56,998.68,273.0,High
Solar,6.3,19.2,4.22,31.18,31.38,41.46,68.74,585.98,189.0,High
Solar,6.59,20.9,25.73,27.75,24.52,86.93,71.61,8586.68,240.0,High
Wind,3.01,3.07,18.39,63.92,75.18,180.88,62.93,2130.31,187.0,High
Solar,4.52,20.56,38.85,18.35,1.76,41.55,74.19,5794.04,10.0,Moderate
Wind,4.91,12.62,3.64,46.32,26.8,136.01,30.03,1574.93,24.0,Low
Wind,3.54,22.14,-2.08,49.42,37.54,48.86,48.59,2699.02,140.0,High
Wind,5.17,22.16,-7.4,40.51,88.22,88.99,57.21,3677.26,274.0,Low
Solar,3.74,0.6,2.05,24.82,95.04,112.72,55.77,1522.4,333.0,High
Wind,6.13,9.57,24.2,38.43,71.65,119.69,71.66,555.03,11.0,Low
Solar,4.82,13.16,-5.74,37.0,49.25,124.48,32.94,8783.88,134.0,Moderate
Wind,4.75,16.96,2.24,49.94,64.06,131.62,30.54,217.15,82.0,Low
Wind,7.9,7.15,32.77,63.97,41.4,61.64,35.2,707.08,298.0,Low
Wind,4.35,6.3,19.15,87.46,29.88,86.26,73.49,8070.21,309.0,High
Solar,4.17,9.53,-6.52,21.53,95.07,17.09,76.46,2891.88,75.0,Low
Solar,3.91,12.52,-7.62,79.84,11.54,156.06,54.18,7255.92,259.0,Moderate
Wind,7.37,23.78,-6.94,32.73,34.64,169.05,50.08,1547.63,267.0,Moderate
Solar,4.98,19.05,37.09,57.31,89.91,47.85,56.32,2449.09,65.0,Moderate
Solar,5.6,10.73,32.49,53.74,72.31,48.27,56.98,5770.49,158.0,High
Wind,3.08,1.36,32.25,54.56,2.91,17.99,30.22,9887.49,226.0,High
Wind,5.25,4.21,36.21,67.87,2.31,194.37,61.18,827.1,10.0,High
Solar,3.65,11.4,15.26,40.54,51.65,163.37,47.14,4065.49,148.0,High
Wind,6.38,20.35,2.37,35.53,48.43,78.53,51.04,526.5,57.0,High
Wind,7.0,9.52,10.07,78.23,44.3,101.56,21.82,2072.34,198.0,Moderate
Solar,6.29,13.46,25.94,27.61,30.23,65.47,65.87,9083.96,308.0,Low
Solar,6.38,22.3,33.8,24.42,98.66,123.48,70.13,1054.96,192.0,Moderate
Wind,5.07,22.84,11.75,11.25,27.2,146.29,57.17,8582.87,13.0,High
Solar,6.27,5.39,16.77,26.85,49.0,95.0,64.92,1860.25,11.0,Moderate
Solar,4.54,1.09,36.59,51.48,40.49,175.98,51.36,8631.67,221.0,Low
Wind,5.91,7.64,-4.63,53.08,17.02,108.23,57.1,5426.42,120.0,High
Wind,3.55,17.4,33.11,30.35,20.26,37.41,43.67,8794.25,209.0,Moderate
Wind,2.42,23.78,-2.03,15.78,91.83,128.24,67.51,1601.87,60.0,Moderate
Wind,4.48,1.93,14.19,69.57,85.83,97.82,48.1,7644.16,284.0,Low
Solar,4.77,0.71,0.92,70.64,19.9,187.78,60.81,6838.92,314.0,High
Solar,3.54,22.1,20.15,89.83,87.57,84.46,57.29,5475.04,325.0,High
Wind,6.37,18.7,17.93,82.0,20.92,86.54,62.14,8124.81,111.0,Low
Wind,2.44,24.81,9.0,84.08,62.65,133.65,67.11,6517.93,241.0,Low
Wind,3.34,9.92,33.17,73.86,8.13,110.13,50.76,8782.76,102.0,Low
Wind,6.49,10.4,22.99,59.24,88.04,81.15,68.78,3872.52,278.0,Low
Solar,4.62,4.31,26.06,20.28,5.15,198.06,49.84,5940.24,44.0,High
Solar,6.23,2.9,-2.47,59.79,55.49,67.42,77.4,8718.95,278.0,High
Wind,5.4,14.47,34.16,14.48,77.97,62.73,65.16,2226.66,161.0,Moderate
Wind,7.7,9.11,-1.65,80.82,11.68,174.24,30.27,4908.84,312.0,Moderate
Solar,5.59,2.01,1.14,48.55,40.45,10.64,69.78,9611.34,270.0,Moderate
Solar,2.09,22.17,-3.6,65.8,4.2,48.24,53.1,4788.66,137.0,High
Solar,4.12,4.96,12.02,14.18,68.28,122.18,79.07,2603.01,330.0,High
Solar,2.86,18.71,34.39,52.74,30.74,40.87,63.13,3575.65,103.0,High
Wind,7.55,7.06,2.62,34.1,55.94,197.3,25.06,8862.33,353.0,Moderate
Solar,2.62,20.32,8.69,32.8,93.27,98.2,43.7,9553.34,280.0,Low
Solar,4.33,2.96,32.3,41.17,30.59,123.5,51.04,9506.07,362.0,Low
Solar,3.36,18.9,20.89,10.05,4.86,40.47,70.34,7019.53,20.0,Low
Wind,7.08,2.45,27.58,47.33,67.56,64.98,63.76,5145.06,100.0,Low
Wind,3.85,11.17,0.7,48.93,78.68,126.78,42.16,1908.62,271.0,Low
Solar,7.95,18.35,25.82,79.05,95.79,114.42,59.21,1319.89,337.0,High
Solar,2.23,4.33,1.38,45.88,15.78,159.03,54.61,691.69,11.0,Moderate
Wind,2.77,7.14,39.37,39.08,39.21,61.15,27.56,275.38,0.0,Low
Wind,3.35,21.62,17.99,89.58,84.41,134.17,34.09,8793.36,94.0,Low
Solar,6.87,22.13,24.78,55.7,80.69,65.29,40.47,8109.95,311.0,Low
Wind,7.27,1.12,-4.08,47.81,62.48,121.48,31.73,5721.43,280.0,High
Solar,2.43,4.2,2.53,49.67,26.94,124.96,29.01,9987.36,124.0,Low
Wind,2.19,2.94,-3.01,74.73,28.4,33.15,23.49,9535.22,1.0,Moderate
Solar,6.47,4.49,9.51,37.25,12.4,114.24,72.39,6585.58,202.0,High
Solar,2.8,24.25,4.21,41.13,92.19,12.27,37.34,4699.29,87.0,High
Wind,2.8,13.79,26.65,70.47,17.29,105.23,37.42,1606.49,272.0,High
Solar,2.13,11.7,-4.56,15.84,57.29,142.53,32.37,5204.38,163.0,Low
Wind,2.3,24.61,27.6,79.21,58.44,23.84,48.52,1661.66,248.0,Low
Wind,3.58,13.92,-7.71,44.42,36.96,188.36,50.85,4044.67,311.0,Low
Wind,2.39,16.53,0.1,56.5,35.25,97.16,32.5,9432.22,196.0,Low
Solar,4.21,8.32,29.6,70.6,66.86,188.3,56.51,3485.59,123.0,Moderate
Solar,7.0,9.55,27.14,31.28,38.83,30.41,63.38,1612.59,281.0,High
Solar,3.96,14.86,13.82,81.23,25.51,190.48,42.43,5865.73,97.0,Low
Wind,6.37,1.74,-7.5,88.34,39.91,30.75,55.13,6063.41,325.0,Moderate
Solar,2.56,6.4,20.49,49.54,80.77,97.68,50.14,2018.66,26.0,High
Solar,5.96,4.92,10.34,84.95,96.65,188.22,31.73,2046.21,305.0,High
Solar,3.9,0.4,5.83,10.09,63.6,54.21,63.8,9896.54,33.0,High
Solar,6.5,13.42,22.02,81.54,78.21,16.61,68.09,2508.48,20.0,Low
Wind,2.82,14.03,11.83,34.88,53.28,160.69,58.93,8398.1,133.0,High
Solar,7.39,9.6,-5.38,34.92,62.48,123.22,39.43,4756.21,349.0,Low
Wind,3.46,6.72,35.8,28.25,98.81,107.65,75.61,4406.39,359.0,Moderate
Wind,4.12,16.3,28.92,35.36,43.84,16.53,47.32,3020.13,74.0,High
Wind,7.7,3.37,-7.18,27.08,6.63,134.11,35.95,7760.88,54.0,Moderate
Wind,5.47,12.97,16.25,82.47,95.7,42.61,44.49,8818.54,129.0,Low
Solar,4.19,19.2,-5.83,81.92,79.31,186.93,61.52,2685.16,123.0,Low
Solar,7.7,4.11,31.86,18.18,39.83,140.29,70.76,1041.46,277.0,Low
Solar,3.97,18.83,20.65,21.43,98.24,144.34,41.39,1455.5,162.0,High
Wind,2.57,19.02,-1.38,78.96,34.55,54.19,33.96,7948.75,285.0,High
Solar,7.98,1.5,-8.96,41.92,37.21,177.34,57.59,4414.69,273.0,Moderate
Wind,3.61,0.47,-8.42,23.54,60.97,112.17,75.27,1405.96,211.0,Low
Solar,7.11,24.35,15.37,50.85,27.43,172.85,31.0,3468.85,304.0,Moderate
Solar,2.99,4.83,26.72,43.33,69.86,61.48,68.18,5190.93,71.0,Low
Solar,6.39,20.55,-3.96,27.53,15.29,153.54,48.6,8535.31,59.0,Low
Wind,5.15,14.05,1.06,67.66,10.8,119.17,67.97,6453.26,274.0,Moderate
Solar,7.89,6.61,6.36,60.5,53.49,19.2,50.33,1842.72,89.0,Low
Wind,5.32,3.25,0.9,17.97,55.55,87.02,42.64,1671.16,1.0,Moderate
Wind,2.15,12.42,9.57,84.03,10.67,44.94,61.8,4182.11,333.0,High
Wind,5.62,10.18,17.98,54.68,96.42,78.24,74.04,844.41,227.0,Moderate
Solar,2.87,17.47,24.25,30.02,57.33,82.84,39.22,7580.21,162.0,Moderate
Solar,6.79,22.6,38.19,26.5,15.1,100.24,47.64,4074.39,265.0,Low
Wind,7.14,20.13,36.54,20.88,31.14,124.06,33.76,3495.94,122.0,Moderate
Wind,4.89,6.86,18.51,43.97,80.02,118.49,31.0,5140.17,348.0,High
Wind,6.7,21.97,26.71,20.84,52.32,17.41,66.67,7118.67,25.0,High
Wind,2.87,20.83,37.54,43.27,18.81,152.63,32.04,5736.53,234.0,High
Wind,4.95,23.23,-5.83,21.9,10.28,190.34,67.6,8043.79,284.0,High
Solar,4.36,11.47,-9.72,62.54,43.08,76.25,45.75,6330.69,171.0,Moderate
Solar,5.67,19.21,-8.51,72.82,33.74,44.15,79.7,7900.91,276.0,High
Solar,2.27,14.79,18.17,53.96,65.59,112.6,31.84,6998.14,338.0,Moderate
Wind,6.51,7.76,28.14,64.4,92.52,143.93,25.58,2011.92,272.0,Moderate
Wind,2.47,24.86,8.35,85.07,24.77,138.99,24.53,618.31,113.0,Low
Solar,5.94,0.96,17.26,61.07,85.52,126.3,70.13,9043.63,205.0,Moderate
Solar,2.11,4.06,15.82,39.13,92.05,37.78,46.27,9462.0,333.0,Moderate
Wind,6.99,22.31,-5.26,45.96,90.2,169.0,20.19,7296.63,164.0,Low
Wind,3.05,1.51,6.08,78.84,95.21,90.87,72.49,7269.64,249.0,High
Wind,5.09,22.17,-9.03,20.46,84.21,52.08,72.62,2774.46,170.0,High
Solar,3.57,17.88,-4.46,36.06,59.35,26.39,68.39,5470.17,44.0,Moderate
Wind,6.34,0.92,30.59,56.18,40.98,89.18,34.9,9923.17,21.0,Low
Wind,3.93,10.73,31.47,64.11,49.17,127.41,42.37,8575.82,348.0,Moderate
Wind,6.35,18.86,30.1,71.08,87.26,136.42,64.7,3113.5,224.0,Moderate
Solar,3.71,14.58,26.34,35.46,30.14,192.92,49.36,3080.35,38.0,High
Wind,6.51,23.4,29.67,21.67,15.93,39.1,29.23,4887.42,313.0,Low
Solar,2.18,21.69,23.55,86.39,14.08,197.3,34.57,4105.53,191.0,Moderate
Wind,3.7,8.32,23.49,16.11,82.7,134.39,78.36,3774.42,282.0,High
Wind,4.99,2.12,23.37,17.66,76.15,96.3,29.06,6307.02,46.0,Moderate
Solar,2.27,23.61,15.7,49.6,49.76,178.76,63.56,213.78,331.0,High
Wind,3.12,12.93,8.17,75.54,27.49,141.95,48.68,7657.06,216.0,Low
Solar,7.61,1.86,26.51,71.96,67.76,76.26,64.92,7426.52,269.0,Moderate
Wind,7.86,20.41,4.93,85.02,3.84,177.98,59.67,8320.22,11.0,Low
Solar,6.44,21.71,17.15,21.33,56.82,136.66,46.35,8430.36,115.0,High
Wind,3.51,15.99,11.67,40.06,39.84,142.78,41.23,5707.36,98.0,Low
Solar,3.56,11.19,3.83,32.57,97.79,180.31,65.26,7822.73,347.0,Low
Solar,5.87,16.55,38.73,78.87,50.76,95.2,39.39,4974.71,68.0,Low
Wind,2.71,17.67,2.94,49.07,55.23,134.81,67.27,9520.15,258.0,Moderate
Solar,7.69,22.33,5.46,12.15,71.24,151.49,60.79,1987.92,16.0,High
Wind,3.35,23.9,-1.92,66.64,48.45,96.25,54.66,9164.61,72.0,Low
Solar,8.0,12.86,31.15,41.1,22.46,25.86,42.13,2659.45,124.0,Moderate
Wind,4.97,19.96,19.33,52.49,53.73,156.57,32.3,1116.96,290.0,High
Wind,6.63,24.11,20.65,81.5,94.43,19.09,62.63,4447.13,288.0,High
Wind,2.01,3.78,31.03,30.54,40.99,146.4,25.48,6187.68,348.0,High
Wind,7.33,0.46,7.15,29.22,67.96,183.07,78.23,2386.8,335.0,Low
Solar,3.62,21.72,-0.32,31.06,97.8,75.92,78.72,5602.38,30.0,Low
Wind,6.01,4.88,-0.08,37.05,82.99,29.39,27.81,8098.14,303.0,Low
Wind,6.84,1.06,26.63,18.59,65.9,54.24,26.24,2645.14,165.0,High
Wind,2.98,4.0,20.71,65.78,73.6,116.83,44.76,5845.19,316.0,High
Wind,4.66,9.6,0.32,26.59,93.65,189.11,77.82,3459.19,33.0,Low
Wind,4.96,5.48,-2.75,84.09,95.98,107.33,44.02,5344.71,300.0,Low
Solar,3.87,7.63,-3.97,27.25,96.9,31.42,41.83,6702.5,58.0,High
Wind,4.89,24.38,21.39,30.45,62.56,129.28,62.22,3569.18,122.0,High
Solar,3.91,17.61,-9.99,33.76,38.47,149.24,30.72,9945.38,11.0,Moderate
Solar,4.16,17.8,-9.08,71.48,13.32,84.72,41.8,5681.37,45.0,Moderate
Wind,6.02,2.37,9.48,44.21,38.55,147.09,37.48,8262.17,163.0,Low
Wind,5.8,18.3,24.57,75.55,94.3,71.72,56.09,7278.84,299.0,High
Solar,3.39,18.48,24.75,72.79,88.98,159.93,29.77,8542.77,282.0,High
Solar,7.38,16.49,11.51,84.36,52.37,74.8,52.92,1820.63,86.0,Moderate
Solar,7.18,5.71,24.55,70.53,53.7,58.66,71.45,2303.28,55.0,High
Wind,5.05,10.58,16.05,14.15,30.89,177.04,50.85,4925.37,142.0,Low
Solar,4.6,21.16,38.85,76.98,45.45,114.21,61.01,8538.05,322.0,Moderate
Solar,4.26,16.76,-1.88,85.05,71.44,64.18,24.51,2056.31,33.0,High
Wind,6.24,18.32,20.03,89.5,40.24,187.67,46.94,9713.55,198.0,High
Solar,6.03,14.68,14.56,20.02,18.8,141.26,25.69,1363.26,32.0,Low
Wind,3.18,11.24,-0.28,59.06,54.09,51.93,55.97,1833.27,172.0,High
Solar,6.03,18.98,27.5,25.96,22.53,126.78,36.86,1755.61,46.0,Moderate
Wind,3.51,1.7,3.78,31.0,97.43,175.37,37.24,5901.46,29.0,Moderate
Solar,2.11,16.83,9.09,69.65,39.03,142.27,24.61,9183.66,70.0,High
Wind,6.2,24.93,8.74,88.21,90.97,56.5,38.61,2625.6,93.0,High
Wind,5.87,19.5,2.21,57.59,22.56,133.28,50.4,5575.06,101.0,High
Solar,4.46,7.26,11.54,78.05,18.92,127.64,55.08,1840.15,236.0,High
Wind,5.15,6.95,13.67,10.71,61.69,165.96,24.0,6348.26,20.0,Moderate
Solar,7.68,16.68,27.21,12.93,77.94,43.85,59.09,1320.14,29.0,Low
Wind,5.57,22.4,28.25,57.74,56.68,142.93,49.33,4963.98,69.0,Moderate
Wind,5.95,14.45,-2.07,41.12,22.98,15.2,52.21,6586.3,318.0,High
Wind,2.38,13.19,19.64,81.18,3.79,142.27,69.97,5833.37,229.0,High
Wind,3.0,4.01,34.81,34.16,61.83,192.48,40.53,1486.0,267.0,Moderate
Wind,3.81,17.89,-4.56,44.56,13.1,43.13,30.44,1697.6,135.0,Moderate
Wind,5.24,17.56,13.65,52.23,34.32,69.15,53.11,6746.77,78.0,High
Wind,6.66,24.17,27.52,31.84,67.58,120.75,76.7,8108.2,14.0,Moderate
Solar,3.93,7.5,20.57,82.68,9.8,149.16,51.07,9089.94,178.0,High
Solar,4.14,18.91,-4.97,47.16,12.73,75.43,69.91,8154.75,210.0,Moderate
Wind,3.54,10.85,9.83,43.93,6.17,136.21,65.42,9741.85,327.0,High
Wind,3.53,13.96,15.36,77.98,99.61,180.86,51.1,4141.69,322.0,Moderate
Wind,7.69,20.41,39.79,34.96,38.71,148.05,58.85,3378.54,155.0,High
Solar,5.81,5.55,-1.07,75.4,90.58,145.09,44.4,379.02,155.0,Low
Wind,2.94,8.57,39.12,19.78,29.36,82.57,51.84,4553.97,59.0,Low
Solar,6.33,19.33,8.81,24.62,75.32,183.17,50.44,6548.58,94.0,Moderate
Wind,6.33,14.26,0.02,86.07,21.91,62.69,62.55,8172.55,338.0,Low
Wind,6.0,2.31,10.71,77.4,49.83,49.0,44.6,2747.81,51.0,High
Wind,2.81,10.75,20.7,41.03,82.46,79.2,25.99,5184.55,354.0,Moderate
Wind,4.45,14.67,0.67,61.08,81.63,133.53,67.32,6653.89,184.0,Moderate
Wind,2.64,22.74,4.57,85.44,79.43,173.72,61.09,5560.87,167.0,High
Solar,6.9,4.71,32.73,26.95,82.37,35.09,77.01,2812.81,64.0,High
Wind,5.93,20.15,39.95,14.72,21.15,164.62,45.72,7983.2,241.0,High
Solar,5.04,3.27,5.91,53.0,48.22,164.44,24.69,1816.27,168.0,Moderate
Solar,4.06,6.06,-2.56,21.41,48.49,121.51,27.3,9059.3,135.0,High
Wind,3.11,6.08,29.66,24.99,89.05,154.52,66.4,9530.71,97.0,Low
Wind,2.64,21.94,20.02,81.32,29.69,44.56,24.07,3719.18,24.0,Moderate
Wind,7.82,4.98,-4.98,10.59,93.15,42.22,74.47,3824.2,190.0,High
Solar,3.2,19.67,37.34,75.35,45.08,173.93,36.9,7458.45,114.0,Moderate
Solar,2.36,11.55,-6.1,51.36,66.98,104.65,73.93,4617.26,258.0,Low
Solar,7.77,24.98,21.27,54.74,26.89,56.73,66.41,383.24,264.0,Low
Wind,5.29,20.98,11.2,63.74,41.03,140.86,72.27,9206.78,121.0,High
Solar,6.78,18.49,17.83,44.52,70.98,179.46,32.84,4364.43,244.0,Moderate
Solar,2.26,21.77,0.66,19.25,51.27,130.14,55.74,2114.6,94.0,High
Solar,5.4,15.85,24.41,18.23,93.07,76.0,25.62,5601.07,265.0,Moderate
Wind,4.39,21.09,37.99,70.35,73.71,101.82,32.14,2267.17,6.0,High
Solar,6.63,6.53,12.92,27.68,56.44,152.93,38.59,2139.62,55.0,High
Solar,2.23,2.44,16.15,12.25,88.67,22.83,64.45,5502.74,89.0,Moderate
Wind,4.41,15.4,1.99,88.37,66.56,51.26,21.48,3971.32,282.0,Moderate
Wind,6.79,10.87,34.59,88.43,64.73,97.89,74.19,5772.63,24.0,Low
Wind,5.14,10.66,38.56,40.25,24.64,124.81,24.25,9968.57,69.0,Low
Solar,5.3,13.17,29.31,12.04,39.49,74.44,42.59,8604.28,131.0,Moderate
Solar,2.58,9.03,17.14,68.18,68.33,66.69,24.87,175.94,3.0,Low
Solar,2.79,15.65,37.84,76.48,89.18,17.86,66.14,600.5,278.0,Low
Wind,6.06,0.76,-2.31,20.0,31.55,16.19,28.48,6139.79,204.0,Moderate
Solar,6.05,24.25,13.92,20.84,21.55,62.95,73.09,6299.94,329.0,Moderate
Wind,7.87,23.12,16.88,75.78,59.37,110.8,51.81,8794.09,11.0,Moderate
Wind,6.27,23.38,14.6,83.75,6.72,115.71,76.91,6327.67,99.0,High
Solar,4.96,9.13,30.12,73.26,71.45,103.87,37.42,2354.37,267.0,Moderate
Solar,7.14,13.3,23.52,26.06,70.31,87.88,47.26,4738.31,246.0,Moderate
Solar,2.63,23.85,-3.67,42.92,35.5,57.94,61.65,8108.96,89.0,Moderate
Wind,4.7,22.56,7.32,58.07,89.27,86.13,69.91,9235.97,217.0,Low
Wind,3.72,19.76,6.95,22.82,50.22,36.36,45.28,2445.46,290.0,Moderate
Solar,2.63,10.18,18.28,26.85,64.58,31.9,73.55,5442.09,12.0,Low
Wind,6.58,14.11,4.57,32.63,20.96,66.99,27.08,1673.38,262.0,High
Solar,5.06,19.82,-4.14,50.76,41.73,199.12,62.52,5020.3,92.0,Moderate
Solar,5.34,6.83,22.68,50.86,86.24,72.03,40.89,992.13,346.0,Moderate
Solar,4.47,15.66,32.55,75.14,21.29,187.93,26.08,9423.11,196.0,Low
Wind,4.76,20.7,36.58,70.24,39.06,84.53,43.2,6416.76,12.0,High
Wind,2.7,17.69,38.63,83.1,31.81,93.41,72.81,8556.75,147.0,Moderate
Solar,6.04,11.99,29.06,76.63,15.11,161.44,78.83,9983.12,353.0,High
Solar,4.59,14.62,-3.01,30.31,28.97,27.79,43.57,1908.39,267.0,High
Wind,6.9,24.72,32.66,36.5,23.28,44.64,73.18,6972.02,110.0,Moderate
Solar,3.18,15.05,10.0,50.03,92.36,195.03,50.58,8881.16,210.0,High
Wind,3.23,19.64,26.5,11.14,74.11,106.12,63.02,5801.79,219.0,High
Solar,5.87,18.17,16.56,82.31,31.61,18.42,22.72,6432.99,9.0,Moderate
Wind,7.08,17.54,31.43,13.55,76.33,19.0,53.44,4135.94,65.0,Low
Solar,4.83,17.91,11.28,35.8,2.21,182.38,24.21,6780.13,201.0,Moderate
Wind,6.36,11.36,-6.91,55.53,52.65,175.94,36.12,4016.22,147.0,High
Solar,8.0,11.85,17.84,51.43,25.03,97.1,54.01,4818.53,69.0,Moderate
Wind,7.94,11.7,-1.44,62.36,11.43,41.01,68.43,1118.83,282.0,Low
Wind,6.47,0.83,38.28,52.2,88.38,167.75,53.65,177.3,178.0,High
Wind,6.44,6.03,16.35,28.32,19.93,71.67,76.17,646.0,113.0,High
Wind,3.49,3.86,17.68,26.09,82.24,89.62,68.62,2005.96,59.0,Low
Solar,7.0,22.16,35.36,82.58,41.32,139.67,29.37,4620.38,223.0,Low
Wind,4.43,6.87,21.23,31.12,1.43,77.15,43.34,307.84,243.0,High
Wind,7.77,3.46,5.14,32.48,73.25,129.45,60.11,1643.77,244.0,Low
Solar,2.49,2.99,4.8,43.04,59.64,178.2,76.3,7836.3,80.0,Moderate
Wind,4.62,17.5,15.08,21.16,34.42,161.5,79.26,7645.45,217.0,Low
Solar,5.34,0.15,33.33,50.58,28.15,82.51,65.79,7918.33,330.0,Moderate
Wind,4.43,11.78,29.74,63.2,7.37,64.71,54.43,9223.26,129.0,High
Wind,3.26,2.97,38.14,72.88,94.14,64.25,65.4,1278.8,77.0,High
Wind,5.56,21.24,-6.41,66.92,49.4,76.23,36.39,1715.08,282.0,High
Wind,6.54,23.96,3.42,21.81,8.55,103.77,37.02,3402.18,65.0,High
Wind,5.87,23.97,-5.99,46.49,86.87,89.15,59.26,9159.9,93.0,High
Wind,3.41,11.05,27.55,13.09,27.88,35.27,72.31,7777.23,37.0,Low
Solar,6.39,16.11,-2.96,11.42,20.36,41.06,78.19,3308.8,98.0,Low
Solar,3.54,14.99,-5.01,45.21,28.09,75.16,40.48,967.59,150.0,High
Wind,3.05,8.75,18.08,30.24,56.46,116.79,67.79,6202.16,23.0,Low
Wind,6.14,11.1,10.57,64.67,7.41,122.61,71.09,2642.51,318.0,Low
Solar,7.06,1.61,25.76,67.94,48.18,102.38,57.39,5358.41,187.0,High
Solar,4.89,19.89,14.35,81.63,89.57,150.37,40.86,9423.85,215.0,Low
Wind,5.19,6.02,11.27,70.85,18.82,150.08,57.15,5768.91,136.0,High
Wind,3.82,11.51,11.28,13.86,33.12,91.25,55.07,9245.96,244.0,High
Wind,4.97,12.02,33.59,39.73,39.61,33.64,56.39,3991.08,158.0,High
Wind,2.79,14.02,9.76,31.84,58.62,110.73,57.16,6370.18,278.0,High
Wind,7.73,20.45,6.67,40.89,91.93,82.48,70.82,8949.51,300.0,Low
Wind,6.8,17.3,6.93,22.81,39.45,36.21,30.2,5921.07,245.0,Low
Solar,6.01,16.58,-0.17,17.82,6.92,196.55,42.04,6187.5,179.0,Moderate
Wind,5.23,13.17,33.03,51.68,34.8,80.25,55.16,7191.45,286.0,Moderate
Wind,6.75,2.4,-2.67,67.63,19.01,128.9,37.0,8832.87,180.0,High
Solar,4.97,10.05,35.43,66.15,65.18,103.12,78.69,972.98,41.0,Moderate
Solar,3.8,23.93,4.17,46.08,2.93,37.14,35.79,3434.91,42.0,Low
Solar,2.96,24.89,34.97,51.78,29.19,20.55,48.18,4037.08,346.0,Low
Solar,5.89,18.26,29.54,51.31,54.52,128.9,72.64,9106.13,78.0,Moderate
Wind,7.58,5.69,19.1,65.33,27.73,56.93,24.8,9564.48,298.0,Moderate
Solar,2.92,2.55,23.47,13.83,55.1,56.29,69.24,1291.77,90.0,Low
Solar,3.08,10.37,6.29,66.79,11.47,191.83,54.26,1279.17,157.0,Moderate
Wind,4.6,21.41,18.71,56.58,94.28,97.74,21.91,9355.13,239.0,Low
Solar,6.84,18.05,4.62,25.85,29.09,15.59,74.17,3028.14,58.0,Low
Solar,3.76,22.1,10.11,13.92,92.3,74.57,22.35,2493.96,269.0,Moderate
Wind,3.52,15.39,28.23,18.68,32.58,121.05,50.91,452.67,252.0,Moderate
Wind,5.72,3.26,2.2,51.98,78.18,72.43,22.94,2828.4,198.0,High
Wind,5.21,2.87,31.94,70.67,24.62,15.1,24.27,6965.91,207.0,High
Wind,2.36,1.2,8.79,36.77,66.98,94.42,73.23,4317.76,39.0,High
Wind,2.49,14.18,16.61,40.33,32.37,30.12,65.95,5217.02,159.0,High
Wind,5.86,6.07,37.1,84.73,50.92,127.64,31.82,9181.23,32.0,High
Wind,4.79,18.36,24.06,27.04,67.38,127.72,57.23,1235.43,112.0,Low
Solar,7.83,17.16,22.28,18.3,58.89,17.17,67.68,805.28,329.0,Moderate
Solar,6.07,7.95,25.58,37.47,57.63,65.23,73.38,8534.11,210.0,Low
Wind,2.06,4.42,35.91,69.67,6.57,88.6,48.1,7771.07,271.0,High
Solar,4.89,2.56,2.43,60.09,24.91,114.55,73.85,2710.97,209.0,High
Wind,4.49,18.43,20.66,43.26,57.18,66.25,50.47,3309.92,71.0,Moderate
Solar,2.64,11.26,10.02,87.18,1.83,64.67,61.29,3171.75,217.0,Low
Wind,7.54,8.09,-9.41,68.8,25.06,196.77,78.74,6513.31,276.0,High
Solar,6.83,21.42,-3.73,14.95,22.92,17.95,34.16,705.99,51.0,High
Wind,3.38,14.84,6.25,69.57,24.99,197.92,30.11,4945.08,298.0,High
Solar,3.54,12.95,18.25,11.92,53.56,19.07,40.52,1425.34,203.0,High
Wind,2.19,18.58,34.07,62.03,58.2,64.78,29.86,8215.41,2.0,Low
Solar,3.78,20.39,29.56,26.84,90.9,103.8,37.05,3868.56,190.0,Low
Solar,5.51,17.15,17.67,65.72,38.6,37.23,64.58,5322.96,144.0,High
Wind,4.53,11.0,-6.31,34.78,92.66,35.62,48.65,390.24,108.0,Low
Solar,7.82,9.48,4.3,79.84,65.2,58.7,42.5,676.82,282.0,High
Solar,2.34,19.29,8.34,36.95,91.27,194.97,42.12,6783.04,328.0,Moderate
Solar,5.55,12.95,21.09,59.58,83.35,82.22,31.67,7691.03,278.0,Moderate
Solar,7.15,17.61,-6.75,32.87,68.76,117.54,46.84,7129.35,309.0,Moderate
Solar,4.88,22.26,16.51,83.38,35.61,143.82,57.48,7396.48,332.0,Low
Wind,2.02,22.9,35.07,72.48,24.11,151.02,28.35,1135.74,333.0,High
Wind,3.46,6.94,25.27,29.46,22.24,140.73,78.37,6965.16,42.0,Moderate
Solar,3.94,4.7,29.85,85.9,95.22,74.02,46.6,1899.3,167.0,Moderate
Wind,7.8,6.53,24.08,38.57,95.86,31.23,76.88,1070.35,0.0,Low
Solar,7.47,18.78,0.33,62.15,72.48,63.53,28.08,7595.89,185.0,Low
Wind,7.7,9.25,-4.48,69.43,88.38,49.96,66.03,8905.12,337.0,Moderate
Solar,6.95,4.33,31.47,11.83,91.9,35.89,57.06,7195.43,73.0,High
Solar,4.11,2.46,24.78,86.72,51.16,14.65,69.2,8075.18,234.0,High
Solar,7.44,8.18,18.75,37.56,62.91,187.79,56.04,9911.77,235.0,High
Solar,7.89,3.4,-0.54,25.18,41.88,185.0,77.77,1434.08,59.0,Moderate
Wind,4.1,3.91,20.17,78.06,41.85,19.58,57.62,9655.01,87.0,Low
Wind,3.56,17.1,-8.43,66.23,3.84,42.89,67.08,6051.86,169.0,High
Wind,5.28,0.49,-4.06,16.94,43.38,36.51,72.65,8151.21,69.0,Moderate
Solar,3.12,2.94,5.59,19.36,67.35,63.43,62.88,6536.67,214.0,Moderate
Wind,2.2,21.11,12.19,67.22,42.2,48.77,51.45,5743.37,177.0,Low
Wind,7.67,21.12,-3.97,15.98,87.24,189.71,36.37,7065.83,190.0,High
Solar,7.55,8.23,-4.0,83.37,33.26,25.99,71.27,3270.56,49.0,Moderate
Solar,2.98,2.2,26.29,69.32,13.27,50.22,48.83,9250.29,189.0,High
Solar,4.45,17.62,18.49,36.84,81.16,25.34,57.24,1241.4,18.0,High
Wind,6.99,9.0,16.69,39.04,67.39,196.27,24.75,3248.51,322.0,High
Wind,5.97,1.14,12.62,50.52,24.18,184.5,49.84,408.51,125.0,Moderate
Solar,4.37,3.95,38.83,38.88,53.65,146.16,61.89,2786.1,313.0,High
Wind,6.47,3.43,-7.51,72.68,40.19,90.93,55.04,2260.31,256.0,Low
Solar,7.38,14.73,-0.97,87.98,93.89,46.13,46.91,591.35,280.0,Moderate
Wind,7.56,22.45,22.38,56.76,60.73,52.08,33.41,4968.56,115.0,Moderate
Solar,4.27,19.83,-3.18,45.68,15.84,94.18,38.58,4739.5,83.0,High
Wind,3.04,13.66,19.47,27.82,50.21,155.96,62.04,869.68,148.0,High
Wind,7.48,10.55,18.39,62.27,86.26,60.3,33.45,2692.32,9.0,High
Wind,2.56,15.47,38.55,64.85,67.15,69.05,57.3,9537.89,335.0,Moderate
Solar,6.33,11.1,34.17,64.82,84.25,123.99,55.38,1196.29,141.0,Low
Solar,2.84,6.15,37.28,12.16,25.04,55.17,78.23,3119.68,361.0,Low
Solar,4.34,16.98,-4.32,81.93,88.84,121.0,23.65,455.04,278.0,Moderate
Wind,4.47,21.83,33.41,37.05,75.56,83.55,26.49,1573.98,29.0,Low
Solar,2.95,9.32,-3.55,69.53,72.89,16.53,50.37,7024.03,241.0,High
Wind,7.54,21.04,21.65,70.78,34.65,86.51,51.63,3730.49,99.0,Moderate
Solar,2.02,10.78,26.0,62.04,88.77,184.71,22.4,4575.56,89.0,Low
Solar,7.36,10.03,-1.96,41.59,63.8,65.69,69.55,1654.09,94.0,Moderate
Wind,7.3,0.71,21.63,58.67,85.18,71.34,49.68,6853.19,334.0,Low
Wind,3.9,17.38,-7.38,13.22,36.1,22.53,40.8,7540.06,182.0,Moderate
Solar,6.23,20.19,4.66,70.95,14.57,126.86,39.13,1893.01,244.0,Low
Solar,3.52,16.59,36.06,17.97,33.23,171.36,71.68,545.44,103.0,Moderate
Wind,6.55,3.78,-1.41,41.74,45.53,77.06,31.8,901.32,191.0,Moderate
Wind,5.37,2.58,-6.74,18.29,53.34,55.65,29.63,6604.75,128.0,Moderate
Solar,3.8,14.32,12.18,76.97,51.08,191.76,32.79,1441.55,117.0,Moderate
Wind,4.4,10.04,32.53,54.02,54.61,151.56,57.5,4989.8,90.0,Moderate
Solar,6.14,10.73,-6.17,65.28,84.17,117.76,68.66,1611.15,149.0,High
Solar,7.44,24.2,7.78,64.61,17.01,68.05,39.86,1784.47,241.0,Moderate
Solar,2.78,18.1,34.99,77.33,31.61,51.95,30.41,143.17,81.0,Moderate
Wind,5.43,10.29,-4.09,20.61,88.86,145.99,32.55,3276.16,352.0,Moderate
Solar,3.52,0.48,5.53,62.78,56.05,109.14,57.15,988.99,45.0,Low
Solar,6.81,0.85,28.92,56.01,58.34,108.91,34.76,4000.22,175.0,Moderate
Wind,2.42,17.12,17.16,12.47,47.81,24.0,72.64,6018.06,31.0,High
Wind,6.13,20.94,31.62,26.11,54.9,107.32,26.23,3738.57,8.0,Moderate
Wind,3.05,17.69,-4.42,31.41,19.81,166.32,21.94,7080.31,337.0,Low
Solar,5.58,10.15,36.03,15.8,54.69,189.89,25.3,7440.37,296.0,Low
Wind,7.01,0.78,36.75,38.38,99.72,30.27,70.74,6996.4,253.0,Moderate
Wind,6.53,24.19,-2.23,12.18,56.6,129.92,59.07,9373.46,316.0,Moderate
Solar,6.52,24.66,-8.31,54.25,4.44,117.99,77.46,2449.21,293.0,Moderate
Solar,5.11,13.73,39.49,26.92,79.64,179.16,40.18,1975.62,236.0,Moderate
Solar,7.34,1.77,14.11,32.96,39.65,152.74,32.76,6136.14,309.0,Low
Solar,5.53,13.52,18.6,82.84,15.37,193.4,53.72,5989.28,143.0,Moderate
Wind,7.51,22.31,20.8,50.23,86.25,192.41,52.27,5149.97,202.0,Low
Solar,5.28,17.0,29.48,31.52,19.8,52.88,55.46,143.1,283.0,Low
Wind,5.04,18.0,30.6,57.88,92.08,147.82,40.85,5596.86,31.0,High
Solar,3.33,2.12,-0.3,26.13,44.18,110.8,20.35,9334.7,313.0,Low
Solar,5.27,2.66,1.83,15.95,74.28,50.77,22.1,3412.32,57.0,Moderate
Wind,2.84,3.18,33.84,11.67,54.7,47.03,59.83,9679.23,316.0,Moderate
Wind,7.22,22.61,30.98,86.12,25.66,25.41,51.4,3631.89,114.0,Moderate
Wind,6.06,13.15,20.88,67.97,67.11,161.15,69.26,1484.56,119.0,Moderate
Solar,7.96,19.79,39.73,74.0,95.79,71.66,38.02,4044.19,27.0,High
Solar,2.55,2.88,26.76,88.47,76.96,172.82,68.93,4996.65,323.0,High
